# ../../cgi-bin/seq-search/bin/ssearch35 -Q -s BL80 -b 10 -d 10 -E 0.1 -T 8 ../../tmp/simi_search_tmp/53hTrLKPhNICvmjBXQ/53hTrLKPhNICvmjBXQ.in ./database/DRAMP.fa
SSEARCH searches a sequence data bank
 version 36.05 March, 2010
Please cite:
 T. F. Smith and M. S. Waterman, (1981) J. Mol. Biol. 147:195-197; 
 W.R. Pearson (1991) Genomics 11:635-650

Query: ../../tmp/simi_search_tmp/53hTrLKPhNICvmjBXQ/53hTrLKPhNICvmjBXQ.in
  1>>>lcl|ORF80_ZT-469_1:9288:9326_unnamed_prote - 12 aa
Library: ./database/DRAMP.fa
   696332 residues in 28274 sequences

       opt      E()
< 20    10     0:=
  22     7     0:=          one = represents 47 library sequences
  24     2     0:=
  26    17     1:*
  28    54     6:*=
  30   106    39:*==
  32   295   151:===*===
  34   437   408:========*=
  36  1087   839:=================*======
  38  1576  1386:=============================*====
  40  1926  1934:=========================================*
  42  2744  2364:==================================================*========
  44  1993  2608:===========================================            *
  46  2772  2656:========================================================*==
  48  2502  2543:======================================================*
  50  1427  2320:===============================                  *
  52  1951  2040:========================================== *
  54  1394  1742:==============================       *
  56  1586  1455:==============================*===
  58  1391  1195:=========================*====
  60   728   968:================    *
  62   770   776:================*
  64   630   617:=============*
  66   449   488:==========*
  68   809   384:========*=========
  70   241   301:======*
  72   285   235:====*==
  74   185   183:===*
  76   238   143:===*==
  78   213   111:==*==
  80    75    86:=*
  82   105    66:=*=
  84    89    52:=*
  86    37    40:*
  88    43    31:*          inset = represents 1 library sequences
  90    17    24:*
  92    25    19:*         :==================*======
  94    28    14:*         :=============*==============
  96     3    11:*         :===       *
  98    11     9:*         :========*==
 100     4     7:*         :====  *
 102     1     5:*         :=   *
 104     7     4:*         :===*===
 106     1     3:*         := *
 108     0     2:*         : *
 110     0     2:*         : *
 112     0     1:*         :*
 114     2     1:*         :*=
 116     1     1:*         :*
 118     0     1:*         :*
>120     0     1:*         :*
   696332 residues in 28274 sequences
Statistics: MLE_cen statistics: Lambda= 0.4171;  K=0.2521 (cen=999)
 statistics sampled from 28274 (28274) to 28274 sequences
 Kolmogorov-Smirnov  statistic: 0.0397 (N=29) at  42
Algorithm: Smith-Waterman (SSE2, Michael Farrar 2006) (7.1 Aug 2009)
Parameters: BL80 matrix (11:-6), open/ext: -10/-2
 Scan time:  0.030
!! No sequences with E() < 0.1
  2>>>lcl|ORF172_ZT-469_1:21681:21734_unnamed_prote - 17 aa
Library: ./database/DRAMP.fa
   696332 residues in 28274 sequences

       opt      E()
< 20    18     0:=
  22     2     0:=          one = represents 47 library sequences
  24    18     0:=
  26    34     1:*
  28    63     6:*=
  30   128    39:*==
  32   343   151:===*====
  34   526   408:========*===
  36   849   839:=================*=
  38  1763  1386:=============================*========
  40  1677  1934:====================================     *
  42  2082  2364:=============================================     *
  44  2810  2608:=======================================================*====
  46  2226  2656:================================================        *
  48  1949  2543:==========================================            *
  50  2285  2320:=================================================*
  52  2201  2040:===========================================*===
  54  1571  1742:==================================   *
  56  1274  1455:============================  *
  58  1301  1195:=========================*==
  60   968   968:====================*
  62   852   776:================*==
  64   866   617:=============*=====
  66   530   488:==========*=
  68   459   384:========*=
  70   270   301:======*
  72   287   235:====*==
  74   201   183:===*=
  76   157   143:===*
  78   186   111:==*=
  80    98    86:=*=
  82    82    66:=*
  84    66    52:=*
  86    38    40:*
  88    28    31:*          inset = represents 1 library sequences
  90    18    24:*
  92    19    19:*         :==================*
  94     7    14:*         :=======      *
  96     6    11:*         :======    *
  98     8     9:*         :========*
 100     4     7:*         :====  *
 102     0     5:*         :    *
 104     1     4:*         :=  *
 106     1     3:*         := *
 108     1     2:*         :=*
 110     1     2:*         :=*
 112     0     1:*         :*
 114     0     1:*         :*
 116     0     1:*         :*
 118     0     1:*         :*
>120     0     1:*         :*
   696332 residues in 28274 sequences
Statistics: MLE_cen statistics: Lambda= 0.3620;  K=0.1292 (cen=999)
 statistics sampled from 28274 (28274) to 28274 sequences
 Kolmogorov-Smirnov  statistic: 0.0317 (N=29) at  38
Algorithm: Smith-Waterman (SSE2, Michael Farrar 2006) (7.1 Aug 2009)
Parameters: BL80 matrix (11:-6), open/ext: -10/-2
 Scan time:  0.050
!! No sequences with E() < 0.1
  3>>>lcl|ORF174_ZT-469_1:21771:21812_unnamed_prote - 13 aa
Library: ./database/DRAMP.fa
   696332 residues in 28274 sequences

       opt      E()
< 20     9     0:=
  22     9     0:=          one = represents 43 library sequences
  24    15     0:=
  26    24     1:*
  28    65     6:*=
  30   140    39:*===
  32   261   151:===*===
  34   550   408:=========*===
  36  1296   839:===================*===========
  38  1405  1386:================================*
  40  1825  1934:=========================================== *
  42  1998  2364:===============================================       *
  44  2570  2608:===========================================================*
  46  2193  2656:===================================================        *
  48  2564  2543:===========================================================*
  50  1752  2320:=========================================            *
  52  1507  2040:====================================           *
  54  1741  1742:========================================*
  56  1159  1455:===========================      *
  58  1124  1195:===========================*
  60  1183   968:======================*=====
  62   874   776:==================*==
  64  1117   617:==============*===========
  66   612   488:===========*===
  68   693   384:========*========
  70   398   301:======*===
  72   341   235:=====*==
  74   244   183:====*=
  76   176   143:===*=
  78    99   111:==*
  80   124    86:=*=
  82    63    66:=*
  84    46    52:=*
  86    29    40:*
  88    15    31:*          inset = represents 1 library sequences
  90    13    24:*
  92     8    19:*         :========          *
  94     7    14:*         :=======      *
  96     6    11:*         :======    *
  98     4     9:*         :====    *
 100     9     7:*         :======*==
 102     3     5:*         :=== *
 104     1     4:*         :=  *
 106     1     3:*         := *
 108     1     2:*         :=*
 110     0     2:*         : *
 112     0     1:*         :*
 114     0     1:*         :*
 116     0     1:*         :*
 118     0     1:*         :*
>120     0     1:*         :*
   696332 residues in 28274 sequences
Statistics: MLE_cen statistics: Lambda= 0.3172;  K=0.08108 (cen=999)
 statistics sampled from 28274 (28274) to 28274 sequences
 Kolmogorov-Smirnov  statistic: 0.0527 (N=29) at  58
Algorithm: Smith-Waterman (SSE2, Michael Farrar 2006) (7.1 Aug 2009)
Parameters: BL80 matrix (11:-6), open/ext: -10/-2
 Scan time:  0.040
!! No sequences with E() < 0.1
  4>>>lcl|ORF189_ZT-469_1:23205:23240_unnamed_prote - 11 aa
Library: ./database/DRAMP.fa
   696332 residues in 28274 sequences

       opt      E()
< 20     7     0:=
  22     9     0:=          one = represents 42 library sequences
  24    11     0:=
  26    30     1:*
  28    61     6:*=
  30   145    39:*===
  32   356   151:===*=====
  34   686   408:=========*=======
  36  1079   839:===================*======
  38  1174  1386:============================    *
  40  1704  1934:=========================================     *
  42  2038  2364:=================================================       *
  44  2517  2608:===========================================================*
  46  2333  2656:========================================================   *
  48  2493  2543:===========================================================*
  50  1782  2320:===========================================            *
  52  2386  2040:================================================*========
  54  1612  1742:=======================================  *
  56  1595  1455:==================================*===
  58  1396  1195:============================*=====
  60   963   968:=======================*
  62   814   776:==================*=
  64   672   617:==============*=
  66   632   488:===========*====
  68   404   384:=========*
  70   267   301:=======*
  72   310   235:=====*==
  74   182   183:====*
  76   178   143:===*=
  78   146   111:==*=
  80    74    86:==*
  82    54    66:=*
  84    29    52:=*
  86    32    40:*
  88    24    31:*          inset = represents 1 library sequences
  90    29    24:*
  92    27    19:*         :==================*========
  94     9    14:*         :=========    *
  96     9    11:*         :========= *
  98     3     9:*         :===     *
 100     1     7:*         :=     *
 102     0     5:*         :    *
 104     1     4:*         :=  *
 106     0     3:*         :  *
 108     0     2:*         : *
 110     0     2:*         : *
 112     0     1:*         :*
 114     0     1:*         :*
 116     0     1:*         :*
 118     0     1:*         :*
>120     0     1:*         :*
   696332 residues in 28274 sequences
Statistics: MLE_cen statistics: Lambda= 0.3263;  K=0.1425 (cen=999)
 statistics sampled from 28274 (28274) to 28274 sequences
 Kolmogorov-Smirnov  statistic: 0.0330 (N=29) at  36
Algorithm: Smith-Waterman (SSE2, Michael Farrar 2006) (7.1 Aug 2009)
Parameters: BL80 matrix (11:-6), open/ext: -10/-2
 Scan time:  0.040
!! No sequences with E() < 0.1
  5>>>lcl|ORF258_ZT-469_1:30567:30611_unnamed_prote - 14 aa
Library: ./database/DRAMP.fa
   696332 residues in 28274 sequences

       opt      E()
< 20     8     0:=
  22     4     0:=          one = represents 40 library sequences
  24     8     0:=
  26    26     1:*
  28    52     6:*=
  30   127    39:*===
  32   325   151:===*=====
  34   716   408:==========*=======
  36  1036   839:====================*=====
  38  1611  1386:==================================*======
  40  1764  1934:=============================================   *
  42  2375  2364:===========================================================*
  44  1999  2608:==================================================         *
  46  1772  2656:=============================================              *
  48  2012  2543:===================================================        *
  50  1955  2320:=================================================        *
  52  1774  2040:=============================================     *
  54  2254  1742:===========================================*=============
  56  1779  1455:====================================*========
  58  1291  1195:=============================*===
  60   864   968:======================  *
  62   723   776:===================*
  64   691   617:===============*==
  66   540   488:============*=
  68   712   384:=========*========
  70   548   301:=======*======
  72   243   235:=====*=
  74   338   183:====*====
  76   132   143:===*
  78    85   111:==*
  80    99    86:==*
  82    91    66:=*=
  84    58    52:=*
  86    46    40:*=
  88   142    31:*===       inset = represents 1 library sequences
  90    21    24:*
  92    21    19:*         :==================*==
  94    11    14:*         :===========  *
  96     5    11:*         :=====     *
  98     5     9:*         :=====   *
 100     3     7:*         :===   *
 102     3     5:*         :=== *
 104     2     4:*         :== *
 106     0     3:*         :  *
 108     0     2:*         : *
 110     2     2:*         :=*
 112     0     1:*         :*
 114     1     1:*         :*
 116     0     1:*         :*
 118     0     1:*         :*
>120     0     1:*         :*
   696332 residues in 28274 sequences
Statistics: MLE_cen statistics: Lambda= 0.2884;  K=0.05804 (cen=999)
 statistics sampled from 28274 (28274) to 28274 sequences
 Kolmogorov-Smirnov  statistic: 0.0615 (N=29) at  52
Algorithm: Smith-Waterman (SSE2, Michael Farrar 2006) (7.1 Aug 2009)
Parameters: BL80 matrix (11:-6), open/ext: -10/-2
 Scan time:  0.040
!! No sequences with E() < 0.1
  6>>>lcl|ORF420_ZT-469_1:48483:48524_unnamed_prote - 13 aa
Library: ./database/DRAMP.fa
   696332 residues in 28274 sequences

       opt      E()
< 20     4     0:=
  22     3     0:=          one = represents 39 library sequences
  24     5     0:=
  26    37     1:*
  28    60     6:*=
  30   163    39:*====
  32   378   151:===*======
  34   768   408:==========*=========
  36   917   839:=====================*==
  38  1380  1386:===================================*
  40  1909  1934:=================================================*
  42  1886  2364:=================================================          *
  44  1922  2608:==================================================         *
  46  2015  2656:====================================================       *
  48  2248  2543:========================================================== *
  50  2299  2320:===========================================================*
  52  2148  2040:====================================================*===
  54  2230  1742:============================================*=============
  56  1438  1455:=====================================*
  58  1329  1195:==============================*====
  60  1156   968:========================*=====
  62   985   776:===================*======
  64   710   617:===============*===
  66   488   488:============*
  68   551   384:=========*=====
  70   274   301:=======*
  72   172   235:===== *
  74   118   183:====*
  76    91   143:===*
  78   228   111:==*===
  80   191    86:==*==
  82    42    66:=*
  84    22    52:=*
  86    25    40:=*
  88    27    31:*          inset = represents 1 library sequences
  90    12    24:*
  92     9    19:*         :=========         *
  94     6    14:*         :======       *
  96     6    11:*         :======    *
  98     7     9:*         :======= *
 100    11     7:*         :======*====
 102     2     5:*         :==  *
 104     2     4:*         :== *
 106     0     3:*         :  *
 108     0     2:*         : *
 110     0     2:*         : *
 112     0     1:*         :*
 114     0     1:*         :*
 116     0     1:*         :*
 118     0     1:*         :*
>120     0     1:*         :*
   696332 residues in 28274 sequences
Statistics: MLE_cen statistics: Lambda= 0.2603;  K=0.06866 (cen=999)
 statistics sampled from 28274 (28274) to 28274 sequences
 Kolmogorov-Smirnov  statistic: 0.0447 (N=29) at  50
Algorithm: Smith-Waterman (SSE2, Michael Farrar 2006) (7.1 Aug 2009)
Parameters: BL80 matrix (11:-6), open/ext: -10/-2
 Scan time:  0.040
!! No sequences with E() < 0.1
  7>>>lcl|ORF470_ZT-469_1:54165:54209_unnamed_prote - 14 aa
Library: ./database/DRAMP.fa
   696332 residues in 28274 sequences

       opt      E()
< 20    19     0:=
  22     2     0:=          one = represents 48 library sequences
  24    18     0:=
  26    23     1:*
  28    55     6:*=
  30   189    39:*===
  32   266   151:===*==
  34   599   408:========*====
  36  1180   839:=================*=======
  38  1104  1386:=======================     *
  40  1855  1934:======================================= *
  42  1959  2364:=========================================        *
  44  2468  2608:====================================================  *
  46  2870  2656:=======================================================*====
  48  1893  2543:========================================            *
  50  2100  2320:============================================    *
  52  2224  2040:==========================================*====
  54  1431  1742:==============================      *
  56  1684  1455:==============================*=====
  58  1430  1195:========================*=====
  60  1019   968:====================*=
  62  1143   776:================*=======
  64   625   617:============*=
  66   470   488:==========*
  68   468   384:=======*==
  70   314   301:======*
  72   160   235:====*
  74   146   183:===*
  76    92   143:==*
  78    97   111:==*
  80    67    86:=*
  82    45    66:=*
  84    26    52:=*
  86    39    40:*
  88    29    31:*          inset = represents 1 library sequences
  90     9    24:*
  92    10    19:*         :==========        *
  94    18    14:*         :=============*====
  96    33    11:*         :==========*======================
  98    30     9:*         :========*=====================
 100    17     7:*         :======*==========
 102    26     5:*         :====*=====================
 104    20     4:*         :===*================
 106     2     3:*         :==*
 108     0     2:*         : *
 110     0     2:*         : *
 112     0     1:*         :*
 114     0     1:*         :*
 116     0     1:*         :*
 118     0     1:*         :*
>120     0     1:*         :*
   696332 residues in 28274 sequences
Statistics: MLE_cen statistics: Lambda= 0.3926;  K=0.1591 (cen=999)
 statistics sampled from 28274 (28274) to 28274 sequences
 Kolmogorov-Smirnov  statistic: 0.0314 (N=29) at  36
Algorithm: Smith-Waterman (SSE2, Michael Farrar 2006) (7.1 Aug 2009)
Parameters: BL80 matrix (11:-6), open/ext: -10/-2
 Scan time:  0.040
!! No sequences with E() < 0.1
  8>>>lcl|ORF513_ZT-469_1:59988:60038_unnamed_prote - 16 aa
Library: ./database/DRAMP.fa
   696332 residues in 28274 sequences

       opt      E()
< 20    16     0:=
  22     8     0:=          one = represents 52 library sequences
  24    16     0:=
  26    30     1:*
  28    21     6:*
  30   113    39:*==
  32   320   151:==*====
  34   471   408:=======*==
  36  1096   839:================*=====
  38  1396  1386:==========================*
  40  2171  1934:=====================================*====
  42  2282  2364:============================================ *
  44  1561  2607:===============================                   *
  46  3072  2656:===================================================*========
  48  2436  2543:=============================================== *
  50  2062  2320:========================================    *
  52  2433  2040:=======================================*=======
  54  1314  1742:==========================       *
  56  1506  1455:===========================*=
  58  1289  1195:======================*==
  60   658   968:=============     *
  62   941   776:==============*====
  64   513   617:========== *
  66   416   488:======== *
  68   627   384:=======*=====
  70   279   301:=====*
  72   318   235:====*==
  74   175   183:===*
  76   122   143:==*
  78   120   111:==*
  80   101    86:=*
  82    77    66:=*
  84   124    52:*==
  86    49    40:*
  88    23    31:*          inset = represents 1 library sequences
  90    19    24:*
  92    30    19:*         :==================*===========
  94    26    14:*         :=============*============
  96     9    11:*         :========= *
  98    12     9:*         :========*===
 100     3     7:*         :===   *
 102     1     5:*         :=   *
 104     8     4:*         :===*====
 106     1     3:*         := *
 108     1     2:*         :=*
 110     3     2:*         :=*=
 112     0     1:*         :*
 114     0     1:*         :*
 116     1     1:*         :*
 118     1     1:*         :*
>120     3     1:*         :*==
   696332 residues in 28274 sequences
Statistics: MLE_cen statistics: Lambda= 0.4097;  K=0.1744 (cen=999)
 statistics sampled from 28272 (28274) to 28272 sequences
 Kolmogorov-Smirnov  statistic: 0.0311 (N=29) at  40
Algorithm: Smith-Waterman (SSE2, Michael Farrar 2006) (7.1 Aug 2009)
Parameters: BL80 matrix (11:-6), open/ext: -10/-2
 Scan time:  0.040
!! No sequences with E() < 0.1
  9>>>lcl|ORF569_ZT-469_1:66588:66635_unnamed_prote - 15 aa
Library: ./database/DRAMP.fa
   696332 residues in 28274 sequences

       opt      E()
< 20     8     0:=
  22     2     0:=          one = represents 54 library sequences
  24    11     0:=
  26    38     1:*
  28   207     6:*===
  30   117    39:*==
  32   272   151:==*===
  34   437   408:=======*=
  36   562   839:===========    *
  38  1604  1386:=========================*====
  40  1511  1934:============================       *
  42  2423  2364:===========================================*=
  44  2416  2607:=============================================   *
  46  2309  2656:===========================================      *
  48  3206  2543:===============================================*============
  50  1565  2320:=============================             *
  52  2598  2040:=====================================*===========
  54  1796  1742:================================*=
  56  1256  1455:========================  *
  58  1212  1195:======================*
  60   649   968:=============    *
  62   874   776:==============*==
  64   531   617:========== *
  66   482   488:=========*
  68   632   384:=======*====
  70   354   301:=====*=
  72   434   235:====*====
  74   166   183:===*
  76   143   143:==*
  78   108   111:==*
  80    43    86:=*
  82    92    66:=*
  84    41    52:*
  86    41    40:*
  88    27    31:*          inset = represents 1 library sequences
  90    24    24:*
  92    33    19:*         :==================*==============
  94     9    14:*         :=========    *
  96    12    11:*         :==========*=
  98     9     9:*         :========*
 100     6     7:*         :======*
 102     5     5:*         :====*
 104     1     4:*         :=  *
 106     2     3:*         :==*
 108     1     2:*         :=*
 110     0     2:*         : *
 112     1     1:*         :*
 114     1     1:*         :*
 116     1     1:*         :*
 118     0     1:*         :*
>120     2     1:*         :*=
   696332 residues in 28274 sequences
Statistics: MLE_cen statistics: Lambda= 0.4315;  K=0.2512 (cen=999)
 statistics sampled from 28272 (28274) to 28272 sequences
 Kolmogorov-Smirnov  statistic: 0.0203 (N=29) at  50
Algorithm: Smith-Waterman (SSE2, Michael Farrar 2006) (7.1 Aug 2009)
Parameters: BL80 matrix (11:-6), open/ext: -10/-2
 Scan time:  0.040
!! No sequences with E() < 0.1
 10>>>lcl|ORF602_ZT-469_1:69819:69863_unnamed_prote - 14 aa
Library: ./database/DRAMP.fa
   696332 residues in 28274 sequences

       opt      E()
< 20     5     0:=
  22    11     0:=          one = represents 44 library sequences
  24     8     0:=
  26    20     1:*
  28   235     6:*=====
  30   144    39:*===
  32   218   151:===*=
  34   609   408:=========*====
  36   917   839:===================*=
  38  1183  1386:===========================    *
  40  1823  1934:========================================== *
  42  1989  2364:==============================================       *
  44  2627  2608:===========================================================*
  46  2183  2656:==================================================         *
  48  1930  2543:============================================             *
  50  2637  2320:====================================================*=======
  52  2119  2040:==============================================*==
  54  1533  1742:===================================    *
  56  1842  1455:=================================*========
  58  1259  1195:===========================*=
  60   913   968:=====================*
  62  1124   776:=================*========
  64   849   617:==============*=====
  66   522   488:===========*
  68   395   384:========*
  70   296   301:======*
  72   237   235:=====*
  74   200   183:====*
  76   119   143:===*
  78   106   111:==*
  80    61    86:=*
  82    50    66:=*
  84    44    52:=*
  86    31    40:*
  88    12    31:*          inset = represents 1 library sequences
  90     6    24:*
  92     8    19:*         :========          *
  94     1    14:*         :=            *
  96     5    11:*         :=====     *
  98     2     9:*         :==      *
 100     1     7:*         :=     *
 102     0     5:*         :    *
 104     0     4:*         :   *
 106     0     3:*         :  *
 108     0     2:*         : *
 110     0     2:*         : *
 112     0     1:*         :*
 114     0     1:*         :*
 116     0     1:*         :*
 118     0     1:*         :*
>120     0     1:*         :*
   696332 residues in 28274 sequences
Statistics: MLE_cen statistics: Lambda= 0.3606;  K=0.1108 (cen=999)
 statistics sampled from 28274 (28274) to 28274 sequences
 Kolmogorov-Smirnov  statistic: 0.0367 (N=29) at  48
Algorithm: Smith-Waterman (SSE2, Michael Farrar 2006) (7.1 Aug 2009)
Parameters: BL80 matrix (11:-6), open/ext: -10/-2
 Scan time:  0.040
!! No sequences with E() < 0.1
 11>>>lcl|ORF668_ZT-469_1:78120:78170_unnamed_prote - 16 aa
Library: ./database/DRAMP.fa
   696332 residues in 28274 sequences

       opt      E()
< 20    22     0:=
  22     8     0:=          one = represents 50 library sequences
  24    20     0:=
  26    28     1:*
  28   112     6:*==
  30   132    39:*==
  32   450   151:===*=====
  34   489   408:========*=
  36   982   839:================*===
  38  1352  1386:===========================*
  40  1477  1934:==============================        *
  42  1962  2364:========================================       *
  44  2082  2608:==========================================          *
  46  2134  2656:===========================================          *
  48  2056  2543:==========================================        *
  50  2975  2320:==============================================*=============
  52  2420  2040:========================================*========
  54  1930  1742:==================================*====
  56  2086  1455:=============================*============
  58  1160  1195:=======================*
  60   875   968:================== *
  62   864   776:===============*==
  64   654   617:============*=
  66   482   488:=========*
  68   388   384:=======*
  70   413   301:======*==
  72   176   235:====*
  74   173   183:===*
  76   113   143:==*
  78    97   111:==*
  80    56    86:=*
  82    38    66:=*
  84    25    52:=*
  86    12    40:*
  88     5    31:*          inset = represents 1 library sequences
  90     8    24:*
  92     8    19:*         :========          *
  94     0    14:*         :             *
  96     2    11:*         :==        *
  98     3     9:*         :===     *
 100     4     7:*         :====  *
 102     1     5:*         :=   *
 104     0     4:*         :   *
 106     0     3:*         :  *
 108     0     2:*         : *
 110     0     2:*         : *
 112     0     1:*         :*
 114     0     1:*         :*
 116     0     1:*         :*
 118     0     1:*         :*
>120     0     1:*         :*
   696332 residues in 28274 sequences
Statistics: MLE_cen statistics: Lambda= 0.3678;  K=0.1423 (cen=999)
 statistics sampled from 28274 (28274) to 28274 sequences
 Kolmogorov-Smirnov  statistic: 0.0584 (N=29) at  48
Algorithm: Smith-Waterman (SSE2, Michael Farrar 2006) (7.1 Aug 2009)
Parameters: BL80 matrix (11:-6), open/ext: -10/-2
 Scan time:  0.040
!! No sequences with E() < 0.1
 12>>>lcl|ORF673_ZT-469_1:78795:78827_unnamed_prote - 10 aa
Library: ./database/DRAMP.fa
   696332 residues in 28274 sequences

       opt      E()
< 20    23     0:=
  22     6     0:=          one = represents 46 library sequences
  24    22     0:=
  26    36     1:*
  28    93     6:*==
  30   181    39:*===
  32   281   151:===*===
  34   374   408:========*
  36  1087   839:==================*=====
  38   995  1386:======================        *
  40  2553  1934:==========================================*=============
  42  2481  2364:===================================================*==
  44  1835  2608:========================================                *
  46  2737  2656:=========================================================*==
  48  1628  2543:====================================                   *
  50  2401  2320:==================================================*==
  52  1800  2040:========================================    *
  54  1515  1742:=================================    *
  56  2117  1455:===============================*===============
  58   805  1195:==================       *
  60  1105   968:=====================*===
  62   955   776:================*====
  64   699   617:=============*==
  66   876   488:==========*=========
  68   316   384:======= *
  70   397   301:======*==
  72   208   235:=====*
  74   175   183:===*
  76   181   143:===*
  78    99   111:==*
  80    96    86:=*=
  82    68    66:=*
  84    39    52:=*
  86    47    40:*=
  88    13    31:*          inset = represents 1 library sequences
  90    10    24:*
  92     7    19:*         :=======           *
  94     2    14:*         :==           *
  96     2    11:*         :==        *
  98     0     9:*         :        *
 100     4     7:*         :====  *
 102     0     5:*         :    *
 104     1     4:*         :=  *
 106     2     3:*         :==*
 108     1     2:*         :=*
 110     0     2:*         : *
 112     1     1:*         :*
 114     0     1:*         :*
 116     0     1:*         :*
 118     0     1:*         :*
>120     0     1:*         :*
   696332 residues in 28274 sequences
Statistics: MLE_cen statistics: Lambda= 0.4234;  K=0.1925 (cen=999)
 statistics sampled from 28274 (28274) to 28274 sequences
 Kolmogorov-Smirnov  statistic: 0.0358 (N=29) at  54
Algorithm: Smith-Waterman (SSE2, Michael Farrar 2006) (7.1 Aug 2009)
Parameters: BL80 matrix (11:-6), open/ext: -10/-2
 Scan time:  0.040
!! No sequences with E() < 0.1
 13>>>lcl|ORF770_ZT-469_1:89907:89969_unnamed_prote - 20 aa
Library: ./database/DRAMP.fa
   696332 residues in 28274 sequences

       opt      E()
< 20     6     0:=
  22     8     0:=          one = represents 51 library sequences
  24    10     0:=
  26    13     1:*
  28    31     6:*
  30    91    39:*=
  32   207   151:==*==
  34   833   408:=======*=========
  36   696   839:==============  *
  38  1748  1386:===========================*=======
  40  1998  1934:=====================================*==
  42  2086  2364:=========================================     *
  44  3016  2607:===================================================*========
  46  1928  2656:======================================              *
  48  2609  2543:=================================================*==
  50  2231  2320:============================================ *
  52  1283  2040:==========================             *
  54  2082  1742:==================================*======
  56  1299  1455:==========================  *
  58  1119  1195:====================== *
  60  1050   968:==================*==
  62   689   776:============== *
  64   831   617:============*====
  66   528   488:=========*=
  68   367   384:=======*
  70   355   301:=====*=
  72   262   235:====*=
  74   160   183:===*
  76   148   143:==*
  78   106   111:==*
  80    77    86:=*
  82    79    66:=*
  84    37    52:=*
  86    53    40:*=
  88    49    31:*          inset = represents 2 library sequences
  90    44    24:*
  92    65    19:*=        :=========*=======================
  94    16    14:*         :======*=
  96    10    11:*         :=====*
  98    20     9:*         :====*=====
 100     6     7:*         :===*
 102     6     5:*         :==*
 104     9     4:*         :=*===
 106     0     3:*         : *
 108     2     2:*         :*
 110     3     2:*         :*=
 112     1     1:*         :*
 114     1     1:*         :*
 116     2     1:*         :*
 118     1     1:*         :*
>120     3     1:*         :*=
   696332 residues in 28274 sequences
Statistics: MLE_cen statistics: Lambda= 0.4110;  K=0.2562 (cen=999)
 statistics sampled from 28273 (28274) to 28273 sequences
 Kolmogorov-Smirnov  statistic: 0.0354 (N=29) at  44
Algorithm: Smith-Waterman (SSE2, Michael Farrar 2006) (7.1 Aug 2009)
Parameters: BL80 matrix (11:-6), open/ext: -10/-2
 Scan time:  0.050
!! No sequences with E() < 0.1
 14>>>lcl|ORF812_ZT-469_1:94641:94673_unnamed_prote - 10 aa
Library: ./database/DRAMP.fa
   696332 residues in 28274 sequences

       opt      E()
< 20    18     0:=
  22    24     0:=          one = represents 45 library sequences
  24    20     0:=
  26    52     1:*=
  28    80     6:*=
  30   164    39:*===
  32   302   151:===*===
  34   499   408:=========*==
  36   948   839:==================*===
  38  1158  1386:==========================    *
  40  2139  1934:==========================================*=====
  42  2680  2364:====================================================*=======
  44  2257  2608:===================================================      *
  46  2580  2656:========================================================== *
  48  1768  2543:========================================                *
  50  2071  2320:===============================================    *
  52  1954  2040:============================================ *
  54  1267  1742:=============================         *
  56  1711  1455:================================*======
  58   882  1195:====================      *
  60   598   968:==============       *
  62  1433   776:=================*==============
  64   667   617:=============*=
  66   925   488:==========*==========
  68   497   384:========*===
  70   262   301:======*
  72   260   235:=====*
  74   426   183:====*=====
  76    88   143:== *
  78   129   111:==*
  80   139    86:=*==
  82    58    66:=*
  84    45    52:=*
  86    17    40:*
  88    63    31:*=         inset = represents 1 library sequences
  90    27    24:*
  92    13    19:*         :=============     *
  94     8    14:*         :========     *
  96     7    11:*         :=======   *
  98    13     9:*         :========*====
 100    11     7:*         :======*====
 102     6     5:*         :====*=
 104     1     4:*         :=  *
 106     3     3:*         :==*
 108     1     2:*         :=*
 110     2     2:*         :=*
 112     0     1:*         :*
 114     0     1:*         :*
 116     0     1:*         :*
 118     1     1:*         :*
>120     0     1:*         :*
   696332 residues in 28274 sequences
Statistics: MLE_cen statistics: Lambda= 0.4039;  K=0.1639 (cen=999)
 statistics sampled from 28274 (28274) to 28274 sequences
 Kolmogorov-Smirnov  statistic: 0.0531 (N=29) at  60
Algorithm: Smith-Waterman (SSE2, Michael Farrar 2006) (7.1 Aug 2009)
Parameters: BL80 matrix (11:-6), open/ext: -10/-2
 Scan time:  0.040
!! No sequences with E() < 0.1
 15>>>lcl|ORF1068_ZT-469_1:130191:130235_unnamed_prote - 14 aa
Library: ./database/DRAMP.fa
   696332 residues in 28274 sequences

       opt      E()
< 20     5     0:=
  22     4     0:=          one = represents 54 library sequences
  24    13     0:=
  26    26     1:*
  28    51     6:*
  30   119    39:*==
  32   219   150:==*==
  34   287   408:====== *
  36  1009   838:===============*===
  38  1463  1385:=========================*==
  40  1547  1932:=============================      *
  42  3211  2362:===========================================*================
  44  2589  2605:================================================*
  46  2249  2653:==========================================       *
  48  2852  2540:===============================================*=====
  50  2661  2318:==========================================*=======
  52  1621  2038:===============================      *
  54  1994  1741:================================*====
  56  1274  1454:========================  *
  58   995  1194:===================   *
  60  1076   967:=================*==
  62   589   775:===========   *
  64   562   617:===========*
  66   448   487:=========*
  68   213   383:====   *
  70   254   300:=====*
  72   237   235:====*
  74   149   183:===*
  76   135   142:==*
  78    73   111:==*
  80    43    86:=*
  82    59    66:=*
  84    46    52:*
  86    33    40:*
  88    17    31:*          inset = represents 1 library sequences
  90    21    24:*
  92    16    19:*         :================  *
  94    13    14:*         :=============*
  96     9    11:*         :========= *
  98     6     9:*         :======  *
 100     6     7:*         :======*
 102     8     5:*         :====*===
 104     4     4:*         :===*
 106     5     3:*         :==*==
 108     7     2:*         :=*=====
 110     4     2:*         :=*==
 112     3     1:*         :*==
 114    14     1:*         :*=============
 116     5     1:*         :*====
 118     2     1:*         :*=
>120    28     1:*         :*===========================
   696332 residues in 28274 sequences
Statistics: MLE_cen statistics: Lambda= 0.3948;  K=0.1952 (cen=999)
 statistics sampled from 28246 (28274) to 28246 sequences
 Kolmogorov-Smirnov  statistic: 0.0376 (N=29) at  50
Algorithm: Smith-Waterman (SSE2, Michael Farrar 2006) (7.1 Aug 2009)
Parameters: BL80 matrix (11:-6), open/ext: -10/-2
 Scan time:  0.040
!! No sequences with E() < 0.1
 16>>>lcl|ORF1088_ZT-469_1:132024:132062_unnamed_prote - 12 aa
Library: ./database/DRAMP.fa
   696332 residues in 28274 sequences

       opt      E()
< 20    27     0:=
  22    14     0:=          one = represents 48 library sequences
  24    15     0:=
  26    37     1:*
  28    73     6:*=
  30   192    39:*===
  32   251   151:===*==
  34   567   408:========*===
  36  1119   839:=================*======
  38  1173  1386:=========================   *
  40  1859  1934:======================================= *
  42  2314  2364:=================================================*
  44  1841  2608:=======================================               *
  46  2672  2656:=======================================================*
  48  1902  2543:========================================            *
  50  2215  2320:=============================================== *
  52  2118  2040:==========================================*==
  54  1283  1742:===========================         *
  56  2851  1455:==============================*=============================
  58  1157  1195:========================*
  60   679   968:===============     *
  62  1110   776:================*=======
  64   576   617:============*
  66   496   488:==========*
  68   375   384:=======*
  70   249   301:======*
  72   316   235:====*==
  74   175   183:===*
  76   202   143:==*==
  78    85   111:==*
  80    73    86:=*
  82    51    66:=*
  84    39    52:=*
  86    41    40:*
  88    34    31:*          inset = represents 1 library sequences
  90    20    24:*
  92    16    19:*         :================  *
  94    16    14:*         :=============*==
  96    10    11:*         :==========*
  98     5     9:*         :=====   *
 100     2     7:*         :==    *
 102     7     5:*         :====*==
 104     6     4:*         :===*==
 106     5     3:*         :==*==
 108     1     2:*         :=*
 110     2     2:*         :=*
 112     0     1:*         :*
 114     0     1:*         :*
 116     3     1:*         :*==
 118     0     1:*         :*
>120     0     1:*         :*
   696332 residues in 28274 sequences
Statistics: MLE_cen statistics: Lambda= 0.4073;  K=0.2158 (cen=999)
 statistics sampled from 28274 (28274) to 28274 sequences
 Kolmogorov-Smirnov  statistic: 0.0493 (N=29) at  54
Algorithm: Smith-Waterman (SSE2, Michael Farrar 2006) (7.1 Aug 2009)
Parameters: BL80 matrix (11:-6), open/ext: -10/-2
 Scan time:  0.050
!! No sequences with E() < 0.1
 17>>>lcl|ORF1169_ZT-469_1:142467:142502_unnamed_prote - 11 aa
Library: ./database/DRAMP.fa
   696332 residues in 28274 sequences

       opt      E()
< 20    10     0:=
  22     1     0:=          one = represents 50 library sequences
  24     7     0:=
  26    12     1:*
  28    39     6:*
  30   135    39:*==
  32   204   151:===*=
  34   816   408:========*========
  36   727   839:=============== *
  38  1771  1386:===========================*========
  40  1892  1934:======================================*
  42  1654  2364:==================================             *
  44  2979  2608:====================================================*=======
  46  2257  2656:==============================================       *
  48  2024  2543:=========================================         *
  50  2612  2320:==============================================*======
  52  1471  2040:==============================          *
  54  1857  1742:==================================*===
  56  1711  1455:=============================*=====
  58   943  1195:===================    *
  60  1061   968:===================*==
  62   798   776:===============*
  64  1407   617:============*================
  66   495   488:=========*
  68   273   384:====== *
  70   236   301:===== *
  72   279   235:====*=
  74   143   183:===*
  76   136   143:==*
  78    83   111:==*
  80    59    86:=*
  82    59    66:=*
  84    42    52:=*
  86    13    40:*
  88    23    31:*          inset = represents 1 library sequences
  90    16    24:*
  92    14    19:*         :==============    *
  94     4    14:*         :====         *
  96     1    11:*         :=         *
  98     6     9:*         :======  *
 100     1     7:*         :=     *
 102     0     5:*         :    *
 104     0     4:*         :   *
 106     0     3:*         :  *
 108     1     2:*         :=*
 110     0     2:*         : *
 112     0     1:*         :*
 114     2     1:*         :*=
 116     0     1:*         :*
 118     0     1:*         :*
>120     0     1:*         :*
   696332 residues in 28274 sequences
Statistics: MLE_cen statistics: Lambda= 0.4057;  K= 0.207 (cen=999)
 statistics sampled from 28274 (28274) to 28274 sequences
 Kolmogorov-Smirnov  statistic: 0.0312 (N=29) at  38
Algorithm: Smith-Waterman (SSE2, Michael Farrar 2006) (7.1 Aug 2009)
Parameters: BL80 matrix (11:-6), open/ext: -10/-2
 Scan time:  0.040
!! No sequences with E() < 0.1
 18>>>lcl|ORF1286_ZT-469_1:153690:153725_unnamed_prote - 11 aa
Library: ./database/DRAMP.fa
   696332 residues in 28274 sequences

       opt      E()
< 20    13     0:=
  22     7     0:=          one = represents 49 library sequences
  24     5     0:=
  26    14     1:*
  28    46     6:*
  30   148    39:*===
  32   187   151:===*
  34   467   408:========*=
  36   671   839:==============   *
  38  1653  1386:============================*=====
  40  2479  1934:=======================================*===========
  42  2930  2364:================================================*===========
  44  2155  2607:============================================         *
  46  1716  2656:====================================                  *
  48  2881  2543:===================================================*=======
  50  2344  2320:===============================================*
  52  1303  2040:===========================              *
  54  1645  1742:================================== *
  56  1143  1455:========================     *
  58   839  1195:==================      *
  60  1736   968:===================*================
  62   798   776:===============*=
  64   792   617:============*====
  66   737   488:=========*======
  68   235   384:=====  *
  70   342   301:======*
  72   227   235:====*
  74   127   183:===*
  76   147   143:==*
  78    84   111:==*
  80    90    86:=*
  82    56    66:=*
  84    35    52:=*
  86    77    40:*=
  88    22    31:*          inset = represents 1 library sequences
  90    14    24:*
  92    30    19:*         :==================*===========
  94    27    14:*         :=============*=============
  96     9    11:*         :========= *
  98    11     9:*         :========*==
 100     5     7:*         :===== *
 102     5     5:*         :====*
 104     5     4:*         :===*=
 106     2     3:*         :==*
 108     5     2:*         :=*===
 110     1     2:*         :=*
 112     2     1:*         :*=
 114     2     1:*         :*=
 116     2     1:*         :*=
 118     1     1:*         :*
>120     2     1:*         :*=
   696332 residues in 28274 sequences
Statistics: MLE_cen statistics: Lambda= 0.4053;  K=0.1891 (cen=999)
 statistics sampled from 28272 (28274) to 28272 sequences
 Kolmogorov-Smirnov  statistic: 0.0524 (N=29) at  42
Algorithm: Smith-Waterman (SSE2, Michael Farrar 2006) (7.1 Aug 2009)
Parameters: BL80 matrix (11:-6), open/ext: -10/-2
 Scan time:  0.040
!! No sequences with E() < 0.1
 19>>>lcl|ORF1358_ZT-469_1:161592:161642_unnamed_prote - 16 aa
Library: ./database/DRAMP.fa
   696332 residues in 28274 sequences

       opt      E()
< 20    10     0:=
  22     6     0:=          one = represents 44 library sequences
  24    10     0:=
  26    53     1:*=
  28   108     6:*==
  30   155    39:*===
  32   303   151:===*===
  34   594   408:=========*====
  36   724   839:=================  *
  38  1429  1386:===============================*=
  40  1757  1933:========================================   *
  42  1799  2363:=========================================            *
  44  2512  2607:========================================================== *
  46  2596  2655:===========================================================*
  48  1842  2542:==========================================               *
  50  2587  2319:====================================================*======
  52  2031  2039:==============================================*
  54  1508  1742:===================================    *
  56  2288  1455:=================================*==================
  58  1187  1195:===========================*
  60   870   968:==================== *
  62   835   776:=================*=
  64   646   617:==============*
  66   344   488:========   *
  68   849   384:========*===========
  70   336   301:======*=
  72   168   235:==== *
  74   147   183:====*
  76   141   143:===*
  78    80   111:==*
  80    84    86:=*
  82    59    66:=*
  84    35    52:=*
  86    69    40:*=
  88    27    31:*          inset = represents 1 library sequences
  90    11    24:*
  92    20    19:*         :==================*=
  94    18    14:*         :=============*====
  96     4    11:*         :====      *
  98    11     9:*         :========*==
 100     1     7:*         :=     *
 102     3     5:*         :=== *
 104     2     4:*         :== *
 106     0     3:*         :  *
 108     2     2:*         :=*
 110     1     2:*         :=*
 112     2     1:*         :*=
 114     0     1:*         :*
 116     1     1:*         :*
 118     0     1:*         :*
>120     9     1:*         :*========
   696332 residues in 28274 sequences
Statistics: MLE_cen statistics: Lambda= 0.3840;  K=0.1805 (cen=999)
 statistics sampled from 28265 (28274) to 28265 sequences
 Kolmogorov-Smirnov  statistic: 0.0368 (N=29) at  48
Algorithm: Smith-Waterman (SSE2, Michael Farrar 2006) (7.1 Aug 2009)
Parameters: BL80 matrix (11:-6), open/ext: -10/-2
 Scan time:  0.040
!! No sequences with E() < 0.1
 20>>>lcl|ORF1368_ZT-469_1:162405:162467_unnamed_prote - 20 aa
Library: ./database/DRAMP.fa
   696332 residues in 28274 sequences

       opt      E()
< 20     5     0:=
  22     2     0:=          one = represents 47 library sequences
  24     7     0:=
  26     6     1:*
  28    34     6:*
  30    82    39:*=
  32   248   151:===*==
  34   406   408:========*
  36   780   839:=================*
  38  1623  1386:=============================*=====
  40  2554  1934:=========================================*=============
  42  2458  2364:==================================================*==
  44  2795  2608:=======================================================*====
  46  2344  2656:==================================================      *
  48  2194  2543:===============================================       *
  50  1961  2320:==========================================       *
  52  2066  2040:===========================================*
  54  1355  1742:=============================        *
  56  1562  1455:==============================*===
  58   978  1195:=====================    *
  60   767   968:=================   *
  62   790   776:================*
  64   707   617:=============*==
  66   481   488:==========*
  68   413   384:========*
  70   253   301:======*
  72   194   235:====*
  74   193   183:===*=
  76   163   143:===*
  78   134   111:==*
  80   303    86:=*=====
  82   162    66:=*==
  84   113    52:=*=
  86    37    40:*
  88    33    31:*          inset = represents 1 library sequences
  90    19    24:*
  92     7    19:*         :=======           *
  94     9    14:*         :=========    *
  96    13    11:*         :==========*==
  98    10     9:*         :========*=
 100     7     7:*         :======*
 102     2     5:*         :==  *
 104     3     4:*         :===*
 106     1     3:*         := *
 108     0     2:*         : *
 110     0     2:*         : *
 112     0     1:*         :*
 114     0     1:*         :*
 116     0     1:*         :*
 118     0     1:*         :*
>120     0     1:*         :*
   696332 residues in 28274 sequences
Statistics: MLE_cen statistics: Lambda= 0.3284;  K=0.09435 (cen=999)
 statistics sampled from 28274 (28274) to 28274 sequences
 Kolmogorov-Smirnov  statistic: 0.0446 (N=29) at  44
Algorithm: Smith-Waterman (SSE2, Michael Farrar 2006) (7.1 Aug 2009)
Parameters: BL80 matrix (11:-6), open/ext: -10/-2
 Scan time:  0.040
!! No sequences with E() < 0.1
 21>>>lcl|ORF1503_ZT-469_1:8644:8682_unnamed_prote - 12 aa
Library: ./database/DRAMP.fa
   696332 residues in 28274 sequences

       opt      E()
< 20    19     0:=
  22     8     0:=          one = represents 46 library sequences
  24     6     0:=
  26    38     1:*
  28    66     6:*=
  30   183    39:*===
  32   389   151:===*=====
  34   883   408:========*===========
  36   773   839:================= *
  38  1415  1386:==============================*
  40  1548  1934:==================================        *
  42  1820  2364:========================================           *
  44  2241  2607:=================================================       *
  46  2183  2656:================================================         *
  48  1861  2543:=========================================              *
  50  2751  2320:==================================================*=========
  52  2143  2040:============================================*==
  54  1642  1742:==================================== *
  56  1940  1455:===============================*===========
  58  1345  1195:=========================*====
  60   908   968:==================== *
  62   756   776:================*
  64   687   617:=============*=
  66   359   488:========  *
  68   410   384:========*
  70   396   301:======*==
  72   224   235:=====*
  74   387   183:===*=====
  76   190   143:===*=
  78   169   111:==*=
  80   149    86:=*==
  82   119    66:=*=
  84    65    52:=*
  86    42    40:*
  88    33    31:*          inset = represents 1 library sequences
  90    33    24:*
  92    25    19:*         :==================*======
  94    28    14:*         :=============*==============
  96     8    11:*         :========  *
  98     9     9:*         :========*
 100     4     7:*         :====  *
 102     7     5:*         :====*==
 104     1     4:*         :=  *
 106     5     3:*         :==*==
 108     2     2:*         :=*
 110     1     2:*         :=*
 112     0     1:*         :*
 114     1     1:*         :*
 116     0     1:*         :*
 118     0     1:*         :*
>120     2     1:*         :*=
   696332 residues in 28274 sequences
Statistics: MLE_cen statistics: Lambda= 0.3757;  K=0.1472 (cen=999)
 statistics sampled from 28272 (28274) to 28272 sequences
 Kolmogorov-Smirnov  statistic: 0.0538 (N=29) at  48
Algorithm: Smith-Waterman (SSE2, Michael Farrar 2006) (7.1 Aug 2009)
Parameters: BL80 matrix (11:-6), open/ext: -10/-2
 Scan time:  0.050
!! No sequences with E() < 0.1
 22>>>lcl|ORF1521_ZT-469_1:10411:10452_unnamed_prote - 13 aa
Library: ./database/DRAMP.fa
   696332 residues in 28274 sequences

       opt      E()
< 20     9     0:=
  22     9     0:=          one = represents 46 library sequences
  24     6     0:=
  26    36     1:*
  28    65     6:*=
  30   152    39:*===
  32   227   151:===*=
  34   464   408:========*==
  36  1074   839:==================*=====
  38  1419  1386:==============================*
  40  1446  1934:================================          *
  42  2637  2364:===================================================*======
  44  2456  2608:======================================================  *
  46  2738  2656:=========================================================*==
  48  2334  2543:===================================================    *
  50  2508  2320:==================================================*====
  52  2373  2040:============================================*=======
  54  1787  1742:=====================================*=
  56  1510  1455:===============================*=
  58  1065  1195:======================== *
  60  1043   968:=====================*=
  62   753   776:================*
  64   618   617:=============*
  66   549   488:==========*=
  68   292   384:======= *
  70   226   301:===== *
  72   165   235:==== *
  74   107   183:===*
  76    82   143:== *
  78    50   111:==*
  80    17    86:=*
  82    22    66:=*
  84    18    52:=*
  86     3    40:*
  88     5    31:*          inset = represents 1 library sequences
  90     2    24:*
  92     3    19:*         :===               *
  94     0    14:*         :             *
  96     2    11:*         :==        *
  98     1     9:*         :=       *
 100     0     7:*         :      *
 102     0     5:*         :    *
 104     0     4:*         :   *
 106     0     3:*         :  *
 108     0     2:*         : *
 110     0     2:*         : *
 112     0     1:*         :*
 114     1     1:*         :*
 116     0     1:*         :*
 118     0     1:*         :*
>120     0     1:*         :*
   696332 residues in 28274 sequences
Statistics: MLE_cen statistics: Lambda= 0.3324;  K=0.1232 (cen=999)
 statistics sampled from 28274 (28274) to 28274 sequences
 Kolmogorov-Smirnov  statistic: 0.0265 (N=29) at  56
Algorithm: Smith-Waterman (SSE2, Michael Farrar 2006) (7.1 Aug 2009)
Parameters: BL80 matrix (11:-6), open/ext: -10/-2
 Scan time:  0.040
!! No sequences with E() < 0.1
 23>>>lcl|ORF1536_ZT-469_1:11704:11748_unnamed_prote - 14 aa
Library: ./database/DRAMP.fa
   696332 residues in 28274 sequences

       opt      E()
< 20     7     0:=
  22     6     0:=          one = represents 40 library sequences
  24    10     0:=
  26    30     1:*
  28    56     6:*=
  30   135    39:*===
  32   328   151:===*=====
  34   530   408:==========*===
  36  1223   839:====================*==========
  38  1471  1386:==================================*==
  40  1855  1934:=============================================== *
  42  2380  2364:===========================================================*
  44  2383  2607:===========================================================*
  46  2153  2656:======================================================     *
  48  1892  2543:================================================           *
  50  2076  2320:====================================================     *
  52  1511  2040:======================================            *
  54  1507  1742:======================================     *
  56  1507  1455:====================================*=
  58  1175  1195:=============================*
  60  1133   968:========================*====
  62   810   776:===================*=
  64   920   617:===============*=======
  66   960   488:============*===========
  68   788   384:=========*==========
  70   387   301:=======*==
  72   225   235:=====*
  74   212   183:====*=
  76   154   143:===*
  78   119   111:==*
  80    70    86:==*
  82    48    66:=*
  84    50    52:=*
  86    53    40:*=
  88    34    31:*          inset = represents 1 library sequences
  90    22    24:*
  92    12    19:*         :============      *
  94    20    14:*         :=============*======
  96     5    11:*         :=====     *
  98     4     9:*         :====    *
 100     3     7:*         :===   *
 102     4     5:*         :====*
 104     2     4:*         :== *
 106     0     3:*         :  *
 108     2     2:*         :=*
 110     0     2:*         : *
 112     0     1:*         :*
 114     0     1:*         :*
 116     0     1:*         :*
 118     0     1:*         :*
>120     2     1:*         :*=
   696332 residues in 28274 sequences
Statistics: MLE_cen statistics: Lambda= 0.3247;  K=0.07463 (cen=999)
 statistics sampled from 28272 (28274) to 28272 sequences
 Kolmogorov-Smirnov  statistic: 0.0527 (N=29) at  54
Algorithm: Smith-Waterman (SSE2, Michael Farrar 2006) (7.1 Aug 2009)
Parameters: BL80 matrix (11:-6), open/ext: -10/-2
 Scan time:  0.040
!! No sequences with E() < 0.1
 24>>>lcl|ORF1573_ZT-469_1:15610:15666_unnamed_prote - 18 aa
Library: ./database/DRAMP.fa
   696332 residues in 28274 sequences

       opt      E()
< 20    13     0:=
  22     8     0:=          one = represents 48 library sequences
  24    10     0:=
  26    22     1:*
  28    63     6:*=
  30   146    39:*===
  32   329   151:===*===
  34   538   408:========*===
  36   891   839:=================*=
  38  1278  1386:=========================== *
  40  1814  1934:======================================  *
  42  2231  2364:===============================================  *
  44  2585  2608:======================================================*
  46  2854  2656:=======================================================*====
  48  2168  2543:==============================================      *
  50  2095  2320:============================================    *
  52  1956  2040:========================================= *
  54  1900  1742:====================================*===
  56  1757  1455:==============================*======
  58   933  1195:====================    *
  60   823   968:==================  *
  62  1144   776:================*=======
  64   555   617:============*
  66   525   488:==========*
  68   348   384:=======*
  70   263   301:======*
  72   323   235:====*==
  74   215   183:===*=
  76   108   143:==*
  78    89   111:==*
  80    50    86:=*
  82    57    66:=*
  84    29    52:=*
  86    33    40:*
  88    20    31:*          inset = represents 1 library sequences
  90    41    24:*
  92    21    19:*         :==================*==
  94    14    14:*         :=============*
  96    12    11:*         :==========*=
  98     5     9:*         :=====   *
 100     5     7:*         :===== *
 102     1     5:*         :=   *
 104     0     4:*         :   *
 106     1     3:*         := *
 108     1     2:*         :=*
 110     0     2:*         : *
 112     0     1:*         :*
 114     0     1:*         :*
 116     0     1:*         :*
 118     0     1:*         :*
>120     0     1:*         :*
   696332 residues in 28274 sequences
Statistics: MLE_cen statistics: Lambda= 0.3204;  K=0.1021 (cen=999)
 statistics sampled from 28274 (28274) to 28274 sequences
 Kolmogorov-Smirnov  statistic: 0.0199 (N=29) at  36
Algorithm: Smith-Waterman (SSE2, Michael Farrar 2006) (7.1 Aug 2009)
Parameters: BL80 matrix (11:-6), open/ext: -10/-2
 Scan time:  0.040
!! No sequences with E() < 0.1
 25>>>lcl|ORF1723_ZT-469_1:34840:34893_unnamed_prote - 17 aa
Library: ./database/DRAMP.fa
   696332 residues in 28274 sequences

       opt      E()
< 20     4     0:=
  22     5     0:=          one = represents 49 library sequences
  24     3     0:=
  26    10     1:*
  28    36     6:*
  30    67    39:*=
  32   239   151:===*=
  34   373   408:========*
  36   886   839:=================*=
  38  2350  1386:============================*===================
  40  1659  1934:==================================     *
  42  2057  2364:==========================================      *
  44  2884  2607:=====================================================*=====
  46  2296  2656:===============================================       *
  48  2201  2543:=============================================      *
  50  2679  2320:===============================================*=======
  52  1646  2040:==================================       *
  54  1618  1742:================================== *
  56  2101  1455:=============================*=============
  58   817  1195:=================       *
  60   924   968:===================*
  62   881   776:===============*==
  64   421   617:=========   *
  66   499   488:=========*=
  68   409   384:=======*=
  70   340   301:======*
  72   231   235:====*
  74   258   183:===*==
  76    52   143:==*
  78   106   111:==*
  80    72    86:=*
  82    23    66:=*
  84    28    52:=*
  86    35    40:*
  88    14    31:*          inset = represents 1 library sequences
  90    14    24:*
  92    13    19:*         :=============     *
  94     7    14:*         :=======      *
  96     4    11:*         :====      *
  98     4     9:*         :====    *
 100     3     7:*         :===   *
 102     1     5:*         :=   *
 104     0     4:*         :   *
 106     0     3:*         :  *
 108     0     2:*         : *
 110     1     2:*         :=*
 112     0     1:*         :*
 114     1     1:*         :*
 116     0     1:*         :*
 118     0     1:*         :*
>120     2     1:*         :*=
   696332 residues in 28274 sequences
Statistics: MLE_cen statistics: Lambda= 0.3898;  K=0.1662 (cen=999)
 statistics sampled from 28273 (28274) to 28273 sequences
 Kolmogorov-Smirnov  statistic: 0.0403 (N=29) at  38
Algorithm: Smith-Waterman (SSE2, Michael Farrar 2006) (7.1 Aug 2009)
Parameters: BL80 matrix (11:-6), open/ext: -10/-2
 Scan time:  0.030
!! No sequences with E() < 0.1
 26>>>lcl|ORF1860_ZT-469_1:57967:58002_unnamed_prote - 11 aa
Library: ./database/DRAMP.fa
   696332 residues in 28274 sequences

       opt      E()
< 20    27     0:=
  22    18     0:=          one = represents 46 library sequences
  24    19     0:=
  26    32     1:*
  28    74     6:*=
  30   208    39:*====
  32   382   151:===*=====
  34   439   408:========*=
  36  1337   839:==================*===========
  38   811  1386:==================            *
  40  1948  1934:==========================================*
  42  2404  2364:===================================================*=
  44  2106  2608:==============================================          *
  46  2672  2656:=========================================================*=
  48  1599  2543:===================================                    *
  50  2710  2320:==================================================*========
  52  1955  2040:=========================================== *
  54  1976  1742:=====================================*=====
  56  1380  1455:============================== *
  58   878  1195:====================     *
  60  1013   968:=====================*=
  62   722   776:================*
  64   547   617:============ *
  66   538   488:==========*=
  68   484   384:========*==
  70   610   301:======*=======
  72   225   235:=====*
  74   198   183:===*=
  76   185   143:===*=
  78   113   111:==*
  80   112    86:=*=
  82    70    66:=*
  84    95    52:=*=
  86    46    40:*
  88    57    31:*=         inset = represents 3 library sequences
  90    79    24:*=
  92    14    19:*         :===== *
  94   136    14:*==       :====*===================================
  96    20    11:*         :===*===
  98     4     9:*         :==*
 100     5     7:*         :==*
 102     1     5:*         :=*
 104    12     4:*         :=*==
 106     2     3:*         :*
 108     5     2:*         :*=
 110     2     2:*         :*
 112     0     1:*         :*
 114     4     1:*         :*=
 116     0     1:*         :*
 118     0     1:*         :*
>120     0     1:*         :*
   696332 residues in 28274 sequences
Statistics: MLE_cen statistics: Lambda= 0.4285;  K=0.1799 (cen=999)
 statistics sampled from 28274 (28274) to 28274 sequences
 Kolmogorov-Smirnov  statistic: 0.0377 (N=29) at  36
Algorithm: Smith-Waterman (SSE2, Michael Farrar 2006) (7.1 Aug 2009)
Parameters: BL80 matrix (11:-6), open/ext: -10/-2
 Scan time:  0.040
!! No sequences with E() < 0.1
 27>>>lcl|ORF1916_ZT-469_1:63223:63255_unnamed_prote - 10 aa
Library: ./database/DRAMP.fa
   696332 residues in 28274 sequences

       opt      E()
< 20     2     0:=
  22     8     0:=          one = represents 44 library sequences
  24    15     0:=
  26    29     1:*
  28    65     6:*=
  30   156    39:*===
  32   278   151:===*===
  34   741   408:=========*=======
  36   963   839:===================*==
  38  1316  1386:============================== *
  40  1700  1934:=======================================    *
  42  2592  2364:=====================================================*=====
  44  2282  2608:====================================================       *
  46  2238  2656:===================================================        *
  48  2058  2543:===============================================          *
  50  2226  2320:=================================================== *
  52  1765  2040:=========================================     *
  54  1679  1742:=======================================*
  56  1668  1455:=================================*====
  58  1097  1195:=========================  *
  60   963   968:=====================*
  62   983   776:=================*=====
  64   757   617:==============*===
  66   446   488:===========*
  68   615   384:========*=====
  70   442   301:======*====
  72   260   235:=====*
  74   337   183:====*===
  76   158   143:===*
  78   126   111:==*
  80    76    86:=*
  82    64    66:=*
  84    33    52:=*
  86    72    40:*=
  88    30    31:*          inset = represents 1 library sequences
  90    17    24:*
  92     7    19:*         :=======           *
  94     3    14:*         :===          *
  96     2    11:*         :==        *
  98     3     9:*         :===     *
 100     1     7:*         :=     *
 102     1     5:*         :=   *
 104     0     4:*         :   *
 106     0     3:*         :  *
 108     0     2:*         : *
 110     0     2:*         : *
 112     0     1:*         :*
 114     0     1:*         :*
 116     0     1:*         :*
 118     0     1:*         :*
>120     0     1:*         :*
   696332 residues in 28274 sequences
Statistics: MLE_cen statistics: Lambda= 0.2980;  K=0.09819 (cen=999)
 statistics sampled from 28274 (28274) to 28274 sequences
 Kolmogorov-Smirnov  statistic: 0.0327 (N=29) at  54
Algorithm: Smith-Waterman (SSE2, Michael Farrar 2006) (7.1 Aug 2009)
Parameters: BL80 matrix (11:-6), open/ext: -10/-2
 Scan time:  0.040
!! No sequences with E() < 0.1
 28>>>lcl|ORF1991_ZT-469_1:71707:71754_unnamed_prote - 15 aa
Library: ./database/DRAMP.fa
   696332 residues in 28274 sequences

       opt      E()
< 20     6     0:=
  22     6     0:=          one = represents 42 library sequences
  24     9     0:=
  26    32     1:*
  28    55     6:*=
  30   136    39:*===
  32   306   151:===*====
  34   549   408:=========*====
  36   830   839:===================*
  38  1355  1386:================================*
  40  2180  1934:==============================================*=====
  42  2151  2364:====================================================    *
  44  2357  2608:=========================================================  *
  46  2239  2656:======================================================     *
  48  2477  2543:===========================================================*
  50  2363  2320:=======================================================*=
  52  1939  2040:=============================================== *
  54  1945  1742:=========================================*=====
  56  1297  1455:===============================   *
  58  1224  1195:============================*=
  60   853   968:=====================  *
  62   711   776:================= *
  64  1027   617:==============*==========
  66   442   488:===========*
  68   347   384:=========*
  70   406   301:=======*==
  72   265   235:=====*=
  74   156   183:====*
  76   159   143:===*
  78    91   111:==*
  80    76    86:==*
  82    88    66:=*=
  84    59    52:=*
  86    32    40:*
  88    30    31:*          inset = represents 1 library sequences
  90    17    24:*
  92    22    19:*         :==================*===
  94    14    14:*         :=============*
  96     6    11:*         :======    *
  98     8     9:*         :========*
 100     3     7:*         :===   *
 102     1     5:*         :=   *
 104     1     4:*         :=  *
 106     2     3:*         :==*
 108     1     2:*         :=*
 110     0     2:*         : *
 112     1     1:*         :*
 114     0     1:*         :*
 116     0     1:*         :*
 118     0     1:*         :*
>120     0     1:*         :*
   696332 residues in 28274 sequences
Statistics: MLE_cen statistics: Lambda= 0.3192;  K=0.1162 (cen=999)
 statistics sampled from 28274 (28274) to 28274 sequences
 Kolmogorov-Smirnov  statistic: 0.0245 (N=29) at  40
Algorithm: Smith-Waterman (SSE2, Michael Farrar 2006) (7.1 Aug 2009)
Parameters: BL80 matrix (11:-6), open/ext: -10/-2
 Scan time:  0.040
!! No sequences with E() < 0.1
 29>>>lcl|ORF2007_ZT-469_1:73876:73929_unnamed_prote - 17 aa
Library: ./database/DRAMP.fa
   696332 residues in 28274 sequences

       opt      E()
< 20    12     0:=
  22     7     0:=          one = represents 55 library sequences
  24     8     0:=
  26     9     1:*
  28    28     6:*
  30    99    39:*=
  32   204   151:==*=
  34   585   408:=======*===
  36   899   839:===============*=
  38  1652  1386:=========================*=====
  40  1940  1934:===================================*
  42  2124  2364:=======================================   *
  44  2676  2608:===============================================*=
  46  2100  2656:=======================================         *
  48  3276  2543:==============================================*=============
  50  1907  2320:===================================       *
  52  2121  2040:=====================================*=
  54  1835  1742:===============================*==
  56  1670  1455:==========================*====
  58  1232  1195:=====================*=
  60   763   968:==============   *
  62   643   776:============  *
  64   623   617:===========*
  66   456   488:========*
  68   297   384:======*
  70   208   301:==== *
  72   208   235:====*
  74   156   183:===*
  76   104   143:==*
  78   115   111:==*
  80   127    86:=*=
  82    57    66:=*
  84    29    52:*
  86    37    40:*
  88    15    31:*          inset = represents 1 library sequences
  90    12    24:*
  92    17    19:*         :================= *
  94     4    14:*         :====         *
  96     4    11:*         :====      *
  98     7     9:*         :======= *
 100     2     7:*         :==    *
 102     5     5:*         :====*
 104     1     4:*         :=  *
 106     0     3:*         :  *
 108     0     2:*         : *
 110     0     2:*         : *
 112     0     1:*         :*
 114     0     1:*         :*
 116     0     1:*         :*
 118     0     1:*         :*
>120     0     1:*         :*
   696332 residues in 28274 sequences
Statistics: MLE_cen statistics: Lambda= 0.3479;  K=0.1407 (cen=999)
 statistics sampled from 28274 (28274) to 28274 sequences
 Kolmogorov-Smirnov  statistic: 0.0242 (N=29) at  58
Algorithm: Smith-Waterman (SSE2, Michael Farrar 2006) (7.1 Aug 2009)
Parameters: BL80 matrix (11:-6), open/ext: -10/-2
 Scan time:  0.040
!! No sequences with E() < 0.1
 30>>>lcl|ORF2022_ZT-469_1:75748:75783_unnamed_prote - 11 aa
Library: ./database/DRAMP.fa
   696332 residues in 28274 sequences

       opt      E()
< 20    12     0:=
  22    14     0:=          one = represents 52 library sequences
  24    16     0:=
  26    30     1:*
  28    55     6:*=
  30   177    39:*===
  32   256   151:==*==
  34   687   408:=======*======
  36   952   839:================*==
  38  1230  1386:========================  *
  40  1673  1934:=================================    *
  42  3118  2364:=============================================*==============
  44  2151  2608:==========================================        *
  46  2181  2656:==========================================         *
  48  2246  2543:============================================    *
  50  2348  2320:============================================*=
  52  1622  2040:================================       *
  54  1790  1742:=================================*=
  56  1135  1455:======================     *
  58  1200  1195:======================*=
  60   935   968:==================*
  62   714   776:==============*
  64   789   617:===========*====
  66   509   488:=========*
  68   302   384:====== *
  70   482   301:=====*====
  72   661   235:====*========
  74   281   183:===*==
  76   135   143:==*
  78    97   111:==*
  80   120    86:=*=
  82   100    66:=*
  84    56    52:*=
  86    38    40:*
  88   107    31:*==        inset = represents 1 library sequences
  90    24    24:*
  92     5    19:*         :=====             *
  94    11    14:*         :===========  *
  96     2    11:*         :==        *
  98     5     9:*         :=====   *
 100     1     7:*         :=     *
 102     1     5:*         :=   *
 104     1     4:*         :=  *
 106     0     3:*         :  *
 108     4     2:*         :=*==
 110     0     2:*         : *
 112     1     1:*         :*
 114     0     1:*         :*
 116     0     1:*         :*
 118     0     1:*         :*
>120     0     1:*         :*
   696332 residues in 28274 sequences
Statistics: MLE_cen statistics: Lambda= 0.3366;  K=0.1396 (cen=999)
 statistics sampled from 28274 (28274) to 28274 sequences
 Kolmogorov-Smirnov  statistic: 0.0382 (N=29) at  42
Algorithm: Smith-Waterman (SSE2, Michael Farrar 2006) (7.1 Aug 2009)
Parameters: BL80 matrix (11:-6), open/ext: -10/-2
 Scan time:  0.040
!! No sequences with E() < 0.1
 31>>>lcl|ORF2028_ZT-469_1:76303:76335_unnamed_prote - 10 aa
Library: ./database/DRAMP.fa
   696332 residues in 28274 sequences

       opt      E()
< 20     7     0:=
  22    26     0:=          one = represents 51 library sequences
  24    20     0:=
  26    41     1:*
  28    63     6:*=
  30   152    39:*==
  32   249   151:==*==
  34   581   408:=======*====
  36   928   839:================*==
  38  1506  1386:===========================*==
  40  1521  1934:==============================       *
  42  2507  2364:==============================================*===
  44  3016  2608:===================================================*========
  46  1727  2656:==================================                  *
  48  2404  2543:================================================ *
  50  2265  2320:=============================================*
  52  1642  2040:=================================      *
  54  2225  1742:==================================*=========
  56  1463  1455:============================*
  58  1005  1195:====================   *
  60  1159   968:==================*====
  62  1204   776:===============*========
  64   524   617:=========== *
  66   490   488:=========*
  68   410   384:=======*=
  70   234   301:=====*
  72   221   235:====*
  74   248   183:===*=
  76   124   143:==*
  78    39   111:= *
  80   119    86:=*=
  82    53    66:=*
  84    26    52:=*
  86    24    40:*
  88    18    31:*          inset = represents 1 library sequences
  90     7    24:*
  92     6    19:*         :======            *
  94     7    14:*         :=======      *
  96     8    11:*         :========  *
  98     1     9:*         :=       *
 100     1     7:*         :=     *
 102     0     5:*         :    *
 104     1     4:*         :=  *
 106     1     3:*         := *
 108     1     2:*         :=*
 110     0     2:*         : *
 112     0     1:*         :*
 114     0     1:*         :*
 116     0     1:*         :*
 118     0     1:*         :*
>120     0     1:*         :*
   696332 residues in 28274 sequences
Statistics: MLE_cen statistics: Lambda= 0.3775;  K=0.1594 (cen=999)
 statistics sampled from 28274 (28274) to 28274 sequences
 Kolmogorov-Smirnov  statistic: 0.0309 (N=29) at  44
Algorithm: Smith-Waterman (SSE2, Michael Farrar 2006) (7.1 Aug 2009)
Parameters: BL80 matrix (11:-6), open/ext: -10/-2
 Scan time:  0.040
!! No sequences with E() < 0.1
 32>>>lcl|ORF2074_ZT-469_1:83998:84030_unnamed_prote - 10 aa
Library: ./database/DRAMP.fa
   696332 residues in 28274 sequences

       opt      E()
< 20    32     0:=
  22    15     0:=          one = represents 47 library sequences
  24    26     0:=
  26    52     1:*=
  28    95     6:*==
  30   151    39:*===
  32   394   151:===*=====
  34   472   408:========*==
  36  1310   839:=================*==========
  38  1303  1386:============================ *
  40  1249  1934:===========================              *
  42  2598  2364:==================================================*=====
  44  1746  2608:======================================                 *
  46  2775  2656:========================================================*===
  48  2302  2543:=================================================     *
  50  1996  2320:===========================================      *
  52  2519  2040:===========================================*==========
  54  1316  1742:============================         *
  56  1691  1455:==============================*=====
  58  1311  1195:=========================*==
  60   726   968:================    *
  62   959   776:================*====
  64   485   617:===========  *
  66   618   488:==========*===
  68   375   384:========*
  70   299   301:======*
  72   361   235:====*===
  74   187   183:===*
  76   232   143:===*=
  78   123   111:==*
  80    83    86:=*
  82    93    66:=*
  84    81    52:=*
  86    87    40:*=
  88    36    31:*          inset = represents 2 library sequences
  90    43    24:*
  92    47    19:*         :=========*==============
  94    58    14:*=        :======*======================
  96     8    11:*         :==== *
  98     3     9:*         :==  *
 100     6     7:*         :===*
 102     3     5:*         :==*
 104     2     4:*         :=*
 106     2     3:*         :=*
 108     1     2:*         :*
 110     0     2:*         :*
 112     1     1:*         :*
 114     1     1:*         :*
 116     1     1:*         :*
 118     0     1:*         :*
>120     0     1:*         :*
   696332 residues in 28274 sequences
Statistics: MLE_cen statistics: Lambda= 0.4239;  K=0.2114 (cen=999)
 statistics sampled from 28274 (28274) to 28274 sequences
 Kolmogorov-Smirnov  statistic: 0.0379 (N=29) at  36
Algorithm: Smith-Waterman (SSE2, Michael Farrar 2006) (7.1 Aug 2009)
Parameters: BL80 matrix (11:-6), open/ext: -10/-2
 Scan time:  0.040
!! No sequences with E() < 0.1
 33>>>lcl|ORF2121_ZT-469_1:88603:88650_unnamed_prote - 15 aa
Library: ./database/DRAMP.fa
   696332 residues in 28274 sequences

       opt      E()
< 20     4     0:=
  22     2     0:=          one = represents 46 library sequences
  24     7     0:=
  26     7     1:*
  28    19     6:*
  30    85    39:*=
  32   179   151:===*
  34   426   408:========*=
  36   701   839:================  *
  38  2208  1386:==============================*=================
  40  2753  1934:==========================================*=================
  42  2524  2364:===================================================*===
  44  2245  2608:=================================================       *
  46  1986  2656:============================================             *
  48  1886  2543:=========================================              *
  50  2049  2320:=============================================     *
  52  1975  2040:=========================================== *
  54  1533  1742:==================================   *
  56  1911  1455:===============================*==========
  58  1319  1195:=========================*===
  60  1088   968:=====================*==
  62   644   776:==============  *
  64   762   617:=============*===
  66   645   488:==========*====
  68   344   384:========*
  70   275   301:======*
  72   192   235:=====*
  74   184   183:===*
  76    74   143:== *
  78    70   111:==*
  80    56    86:=*
  82    38    66:=*
  84    23    52:=*
  86    11    40:*
  88    17    31:*          inset = represents 1 library sequences
  90     4    24:*
  92    14    19:*         :==============    *
  94     6    14:*         :======       *
  96     3    11:*         :===       *
  98     0     9:*         :        *
 100     0     7:*         :      *
 102     2     5:*         :==  *
 104     1     4:*         :=  *
 106     1     3:*         := *
 108     0     2:*         : *
 110     0     2:*         : *
 112     1     1:*         :*
 114     0     1:*         :*
 116     0     1:*         :*
 118     0     1:*         :*
>120     0     1:*         :*
   696332 residues in 28274 sequences
Statistics: MLE_cen statistics: Lambda= 0.3315;  K=0.0938 (cen=999)
 statistics sampled from 28274 (28274) to 28274 sequences
 Kolmogorov-Smirnov  statistic: 0.0631 (N=29) at  42
Algorithm: Smith-Waterman (SSE2, Michael Farrar 2006) (7.1 Aug 2009)
Parameters: BL80 matrix (11:-6), open/ext: -10/-2
 Scan time:  0.040
!! No sequences with E() < 0.1
 34>>>lcl|ORF2292_ZT-469_1:108229:108273_unnamed_prote - 14 aa
Library: ./database/DRAMP.fa
   696332 residues in 28274 sequences

       opt      E()
< 20    30     0:=
  22    23     0:=          one = represents 46 library sequences
  24    46     0:=
  26    69     1:*=
  28   103     6:*==
  30   169    39:*===
  32   402   151:===*=====
  34   480   408:========*==
  36   738   839:================= *
  38  1084  1386:========================      *
  40  1529  1934:==================================        *
  42  2297  2364:================================================== *
  44  2416  2608:=====================================================   *
  46  2539  2656:======================================================== *
  48  2228  2543:=================================================      *
  50  2726  2320:==================================================*=========
  52  1999  2040:============================================*
  54  2527  1742:=====================================*=================
  56  1792  1455:===============================*=======
  58   864  1195:===================      *
  60   913   968:==================== *
  62   808   776:================*=
  64   436   617:==========   *
  66   416   488:==========*
  68   358   384:========*
  70   222   301:===== *
  72   190   235:=====*
  74   459   183:===*======
  76    95   143:===*
  78    64   111:==*
  80    61    86:=*
  82    45    66:=*
  84    26    52:=*
  86    29    40:*
  88    29    31:*          inset = represents 1 library sequences
  90    24    24:*
  92    14    19:*         :==============    *
  94    10    14:*         :==========   *
  96     0    11:*         :          *
  98    10     9:*         :========*=
 100     2     7:*         :==    *
 102     2     5:*         :==  *
 104     0     4:*         :   *
 106     0     3:*         :  *
 108     0     2:*         : *
 110     0     2:*         : *
 112     0     1:*         :*
 114     0     1:*         :*
 116     0     1:*         :*
 118     0     1:*         :*
>120     0     1:*         :*
   696332 residues in 28274 sequences
Statistics: MLE_cen statistics: Lambda= 0.3804;  K=0.1828 (cen=999)
 statistics sampled from 28274 (28274) to 28274 sequences
 Kolmogorov-Smirnov  statistic: 0.0287 (N=29) at  48
Algorithm: Smith-Waterman (SSE2, Michael Farrar 2006) (7.1 Aug 2009)
Parameters: BL80 matrix (11:-6), open/ext: -10/-2
 Scan time:  0.040
!! No sequences with E() < 0.1
 35>>>lcl|ORF2308_ZT-469_1:111439:111486_unnamed_prote - 15 aa
Library: ./database/DRAMP.fa
   696332 residues in 28274 sequences

       opt      E()
< 20    16     0:=
  22     5     0:=          one = represents 45 library sequences
  24    10     0:=
  26    34     1:*
  28    74     6:*=
  30   167    39:*===
  32   340   151:===*====
  34   658   408:=========*=====
  36   725   839:================= *
  38  1717  1386:==============================*========
  40  2045  1934:==========================================*===
  42  1839  2364:=========================================           *
  44  1916  2608:===========================================              *
  46  2674  2656:===========================================================*
  48  1905  2543:===========================================             *
  50  1868  2320:==========================================         *
  52  2373  2040:=============================================*=======
  54  1278  1742:=============================         *
  56  1393  1455:=============================== *
  58  1284  1195:==========================*==
  60  1078   968:=====================*==
  62   962   776:=================*====
  64   835   617:=============*=====
  66   699   488:==========*=====
  68   490   384:========*==
  70   297   301:======*
  72   350   235:=====*==
  74   246   183:====*=
  76   219   143:===*=
  78   287   111:==*====
  80   150    86:=*==
  82    96    66:=*=
  84    42    52:=*
  86    46    40:*=
  88    40    31:*          inset = represents 1 library sequences
  90    32    24:*
  92    20    19:*         :==================*=
  94    19    14:*         :=============*=====
  96    16    11:*         :==========*=====
  98     6     9:*         :======  *
 100     5     7:*         :===== *
 102     3     5:*         :=== *
 104     9     4:*         :===*=====
 106     1     3:*         := *
 108     1     2:*         :=*
 110     2     2:*         :=*
 112     2     1:*         :*=
 114     0     1:*         :*
 116     0     1:*         :*
 118     0     1:*         :*
>120     0     1:*         :*
   696332 residues in 28274 sequences
Statistics: MLE_cen statistics: Lambda= 0.3508;  K=0.1407 (cen=999)
 statistics sampled from 28274 (28274) to 28274 sequences
 Kolmogorov-Smirnov  statistic: 0.0521 (N=29) at  56
Algorithm: Smith-Waterman (SSE2, Michael Farrar 2006) (7.1 Aug 2009)
Parameters: BL80 matrix (11:-6), open/ext: -10/-2
 Scan time:  0.040
!! No sequences with E() < 0.1
 36>>>lcl|ORF2482_ZT-469_1:130534:130590_unnamed_prote - 18 aa
Library: ./database/DRAMP.fa
   696332 residues in 28274 sequences

       opt      E()
< 20     8     0:=
  22     4     0:=          one = represents 48 library sequences
  24    15     0:=
  26    17     1:*
  28    39     6:*
  30    99    39:*==
  32   256   151:===*==
  34   461   408:========*=
  36   989   839:=================*===
  38  1467  1386:============================*==
  40  2130  1934:========================================*====
  42  1926  2364:=========================================        *
  44  2803  2608:======================================================*====
  46  2867  2656:=======================================================*====
  48  2110  2543:============================================        *
  50  2767  2320:================================================*=========
  52  2033  2040:==========================================*
  54  1383  1742:=============================       *
  56  1360  1455:============================= *
  58  1750  1195:========================*============
  60   780   968:=================   *
  62   558   776:============    *
  64   590   617:============*
  66   400   488:========= *
  68   407   384:=======*=
  70   361   301:======*=
  72   181   235:====*
  74   164   183:===*
  76    67   143:==*
  78    65   111:==*
  80    83    86:=*
  82    24    66:=*
  84    39    52:=*
  86    17    40:*
  88     6    31:*          inset = represents 1 library sequences
  90     6    24:*
  92     8    19:*         :========          *
  94     8    14:*         :========     *
  96     4    11:*         :====      *
  98    10     9:*         :========*=
 100     5     7:*         :===== *
 102     1     5:*         :=   *
 104     3     4:*         :===*
 106     0     3:*         :  *
 108     1     2:*         :=*
 110     1     2:*         :=*
 112     0     1:*         :*
 114     1     1:*         :*
 116     0     1:*         :*
 118     0     1:*         :*
>120     0     1:*         :*
   696332 residues in 28274 sequences
Statistics: MLE_cen statistics: Lambda= 0.3632;  K=0.1276 (cen=999)
 statistics sampled from 28274 (28274) to 28274 sequences
 Kolmogorov-Smirnov  statistic: 0.0279 (N=29) at  58
Algorithm: Smith-Waterman (SSE2, Michael Farrar 2006) (7.1 Aug 2009)
Parameters: BL80 matrix (11:-6), open/ext: -10/-2
 Scan time:  0.050
!! No sequences with E() < 0.1
 37>>>lcl|ORF2507_ZT-469_1:133609:133650_unnamed_prote - 13 aa
Library: ./database/DRAMP.fa
   696332 residues in 28274 sequences

       opt      E()
< 20    10     0:=
  22     5     0:=          one = represents 51 library sequences
  24    10     0:=
  26    17     1:*
  28    34     6:*
  30    86    39:*=
  32   196   151:==*=
  34   624   408:=======*=====
  36   976   839:================*===
  38  1174  1386:========================   *
  40  3051  1934:=====================================*======================
  42  1569  2364:===============================               *
  44  2532  2608:================================================== *
  46  2809  2656:====================================================*===
  48  1757  2543:===================================              *
  50  2472  2320:=============================================*===
  52  1684  2040:==================================     *
  54  1908  1742:==================================*===
  56  1211  1455:========================    *
  58  1103  1195:====================== *
  60  1196   968:==================*=====
  62   814   776:===============*
  64   834   617:============*====
  66   476   488:=========*
  68   373   384:=======*
  70   316   301:=====*=
  72   206   235:====*
  74   185   183:===*
  76   127   143:==*
  78   113   111:==*
  80   198    86:=*==
  82    59    66:=*
  84    44    52:=*
  86    44    40:*
  88    12    31:*          inset = represents 1 library sequences
  90    16    24:*
  92     7    19:*         :=======           *
  94     2    14:*         :==           *
  96     4    11:*         :====      *
  98     5     9:*         :=====   *
 100     7     7:*         :======*
 102     3     5:*         :=== *
 104     2     4:*         :== *
 106     1     3:*         := *
 108     0     2:*         : *
 110     0     2:*         : *
 112     1     1:*         :*
 114     0     1:*         :*
 116     0     1:*         :*
 118     0     1:*         :*
>120     1     1:*         :*
   696332 residues in 28274 sequences
Statistics: MLE_cen statistics: Lambda= 0.4212;  K=0.2048 (cen=999)
 statistics sampled from 28274 (28274) to 28274 sequences
 Kolmogorov-Smirnov  statistic: 0.0498 (N=29) at  40
Algorithm: Smith-Waterman (SSE2, Michael Farrar 2006) (7.1 Aug 2009)
Parameters: BL80 matrix (11:-6), open/ext: -10/-2
 Scan time:  0.040
!! No sequences with E() < 0.1
 38>>>lcl|ORF2653_ZT-469_1:148327:148359_unnamed_prote - 10 aa
Library: ./database/DRAMP.fa
   696332 residues in 28274 sequences

       opt      E()
< 20    67     0:==
  22    38     0:=          one = represents 51 library sequences
  24    55     0:==
  26    56     1:*=
  28   110     6:*==
  30   174    39:*===
  32   292   151:==*===
  34   622   408:=======*=====
  36  1067   839:================*====
  38  1266  1386:=========================  *
  40  1313  1934:==========================           *
  42  2784  2364:==============================================*========
  44  1824  2608:====================================               *
  46  2331  2656:==============================================      *
  48  1622  2543:================================                 *
  50  3051  2320:=============================================*==============
  52  1398  2040:============================           *
  54  2597  1742:==================================*================
  56  1382  1455:============================*
  58  1514  1195:=======================*======
  60   798   968:================  *
  62   812   776:===============*
  64   624   617:============*
  66   441   488:=========*
  68   416   384:=======*=
  70   216   301:=====*
  72   359   235:====*===
  74   152   183:===*
  76   227   143:==*==
  78   108   111:==*
  80   210    86:=*===
  82    36    66:=*
  84    96    52:=*
  86    61    40:*=
  88    48    31:*          inset = represents 1 library sequences
  90    28    24:*
  92    14    19:*         :==============    *
  94    12    14:*         :============ *
  96    13    11:*         :==========*==
  98     9     9:*         :========*
 100     5     7:*         :===== *
 102     7     5:*         :====*==
 104     5     4:*         :===*=
 106     5     3:*         :==*==
 108     1     2:*         :=*
 110     1     2:*         :=*
 112     4     1:*         :*===
 114     2     1:*         :*=
 116     0     1:*         :*
 118     1     1:*         :*
>120     0     1:*         :*
   696332 residues in 28274 sequences
Statistics: MLE_cen statistics: Lambda= 0.4826;  K= 0.329 (cen=999)
 statistics sampled from 28274 (28274) to 28274 sequences
 Kolmogorov-Smirnov  statistic: 0.0489 (N=29) at  48
Algorithm: Smith-Waterman (SSE2, Michael Farrar 2006) (7.1 Aug 2009)
Parameters: BL80 matrix (11:-6), open/ext: -10/-2
 Scan time:  0.040
!! No sequences with E() < 0.1
 39>>>lcl|ORF2803_ZT-469_1:164464:164499_unnamed_prote - 11 aa
Library: ./database/DRAMP.fa
   696332 residues in 28274 sequences

       opt      E()
< 20    13     0:=
  22    11     0:=          one = represents 51 library sequences
  24    16     0:=
  26    32     1:*
  28    67     6:*=
  30   305    39:*=====
  32   185   151:==*=
  34   617   408:=======*=====
  36   550   839:===========     *
  38  1841  1386:===========================*=========
  40  1651  1934:=================================    *
  42  2319  2364:==============================================*
  44  2373  2608:===============================================    *
  46  1831  2656:====================================                *
  48  3029  2543:=================================================*==========
  50  1768  2320:===================================          *
  52  2352  2040:=======================================*=======
  54  1548  1742:===============================   *
  56  1611  1455:============================*===
  58   998  1195:====================   *
  60  1200   968:==================*=====
  62   910   776:===============*==
  64   727   617:============*==
  66   654   488:=========*===
  68   257   384:====== *
  70   319   301:=====*=
  72   228   235:====*
  74   279   183:===*==
  76   127   143:==*
  78   113   111:==*
  80    80    86:=*
  82    60    66:=*
  84    52    52:=*
  86    15    40:*
  88    45    31:*          inset = represents 1 library sequences
  90    18    24:*
  92    21    19:*         :==================*==
  94    10    14:*         :==========   *
  96     9    11:*         :========= *
  98    13     9:*         :========*====
 100     5     7:*         :===== *
 102     6     5:*         :====*=
 104     0     4:*         :   *
 106     3     3:*         :==*
 108     1     2:*         :=*
 110     2     2:*         :=*
 112     0     1:*         :*
 114     1     1:*         :*
 116     1     1:*         :*
 118     0     1:*         :*
>120     1     1:*         :*
   696332 residues in 28274 sequences
Statistics: MLE_cen statistics: Lambda= 0.4622;  K=0.2948 (cen=999)
 statistics sampled from 28274 (28274) to 28274 sequences
 Kolmogorov-Smirnov  statistic: 0.0281 (N=29) at  38
Algorithm: Smith-Waterman (SSE2, Michael Farrar 2006) (7.1 Aug 2009)
Parameters: BL80 matrix (11:-6), open/ext: -10/-2
 Scan time:  0.040
!! No sequences with E() < 0.1
 40>>>lcl|ORF2817_ZT-469_1:165313:165357_unnamed_prote - 14 aa
Library: ./database/DRAMP.fa
   696332 residues in 28274 sequences

       opt      E()
< 20    22     0:=
  22     7     0:=          one = represents 47 library sequences
  24    24     0:=
  26    28     1:*
  28    77     6:*=
  30   116    39:*==
  32   421   151:===*=====
  34   461   408:========*=
  36   906   839:=================*==
  38  1019  1386:======================       *
  40  2270  1934:=========================================*=======
  42  2681  2364:==================================================*=======
  44  1784  2608:======================================                 *
  46  2783  2656:========================================================*===
  48  2267  2543:=================================================     *
  50  1779  2320:======================================           *
  52  2034  2040:===========================================*
  54  1413  1742:===============================      *
  56  1738  1455:==============================*======
  58  1066  1195:=======================  *
  60   661   968:===============     *
  62  1000   776:================*=====
  64   668   617:=============*=
  66   969   488:==========*==========
  68   500   384:========*==
  70   275   301:======*
  72   347   235:====*===
  74   288   183:===*===
  76   168   143:===*
  78   122   111:==*
  80   116    86:=*=
  82    97    66:=*=
  84    60    52:=*
  86    17    40:*
  88    25    31:*          inset = represents 1 library sequences
  90    19    24:*
  92     9    19:*         :=========         *
  94     8    14:*         :========     *
  96    10    11:*         :==========*
  98     4     9:*         :====    *
 100     3     7:*         :===   *
 102     2     5:*         :==  *
 104     1     4:*         :=  *
 106     2     3:*         :==*
 108     2     2:*         :=*
 110     0     2:*         : *
 112     3     1:*         :*==
 114     1     1:*         :*
 116     1     1:*         :*
 118     0     1:*         :*
>120     0     1:*         :*
   696332 residues in 28274 sequences
Statistics: MLE_cen statistics: Lambda= 0.4023;  K=0.1813 (cen=999)
 statistics sampled from 28274 (28274) to 28274 sequences
 Kolmogorov-Smirnov  statistic: 0.0396 (N=29) at  60
Algorithm: Smith-Waterman (SSE2, Michael Farrar 2006) (7.1 Aug 2009)
Parameters: BL80 matrix (11:-6), open/ext: -10/-2
 Scan time:  0.050
!! No sequences with E() < 0.1
 41>>>lcl|ORF2854_ZT-469_1:168709:168753_unnamed_prote - 14 aa
Library: ./database/DRAMP.fa
   696332 residues in 28274 sequences

       opt      E()
< 20    13     0:=
  22     8     0:=          one = represents 46 library sequences
  24    14     0:=
  26    28     1:*
  28    77     6:*=
  30   183    39:*===
  32   317   151:===*===
  34   674   408:========*======
  36  1030   839:==================*====
  38  1484  1386:==============================*==
  40  2016  1934:==========================================*=
  42  1723  2364:======================================             *
  44  1912  2607:==========================================              *
  46  1974  2656:===========================================              *
  48  2730  2543:=======================================================*====
  50  1906  2320:==========================================        *
  52  1662  2040:=====================================       *
  54  1814  1742:=====================================*==
  56  1378  1455:============================== *
  58  1115  1195:=========================*
  60  1054   968:=====================*=
  62  1374   776:================*=============
  64   859   617:=============*=====
  66   549   488:==========*=
  68   596   384:========*====
  70   464   301:======*====
  72   380   235:=====*===
  74   261   183:===*==
  76   192   143:===*=
  78   125   111:==*
  80    79    86:=*
  82    58    66:=*
  84    43    52:=*
  86    53    40:*=
  88    21    31:*          inset = represents 1 library sequences
  90    28    24:*
  92    18    19:*         :==================*
  94    28    14:*         :=============*==============
  96     8    11:*         :========  *
  98     4     9:*         :====    *
 100     8     7:*         :======*=
 102     5     5:*         :====*
 104     2     4:*         :== *
 106     0     3:*         :  *
 108     1     2:*         :=*
 110     4     2:*         :=*==
 112     0     1:*         :*
 114     1     1:*         :*
 116     0     1:*         :*
 118     0     1:*         :*
>120     1     1:*         :*
   696332 residues in 28274 sequences
Statistics: MLE_cen statistics: Lambda= 0.3400;  K=0.1038 (cen=999)
 statistics sampled from 28273 (28274) to 28273 sequences
 Kolmogorov-Smirnov  statistic: 0.0581 (N=29) at  58
Algorithm: Smith-Waterman (SSE2, Michael Farrar 2006) (7.1 Aug 2009)
Parameters: BL80 matrix (11:-6), open/ext: -10/-2
 Scan time:  0.040
!! No sequences with E() < 0.1
 42>>>lcl|ORF2883_ZT-469_1:1907:1942_unnamed_prote - 11 aa
Library: ./database/DRAMP.fa
   696332 residues in 28274 sequences

       opt      E()
< 20    23     0:=
  22     6     0:=          one = represents 53 library sequences
  24    18     0:=
  26    40     1:*
  28    64     6:*=
  30    86    39:*=
  32   262   151:==*==
  34   443   408:=======*=
  36  1026   839:===============*====
  38  1426  1386:==========================*
  40  2255  1934:====================================*======
  42  3125  2364:============================================*==============
  44  1963  2608:======================================           *
  46  2463  2656:===============================================   *
  48  2207  2543:==========================================     *
  50  1970  2320:======================================     *
  52  1973  2040:======================================*
  54  1080  1742:=====================           *
  56  1701  1455:===========================*=====
  58   838  1195:================      *
  60  1182   968:==================*====
  62   912   776:==============*===
  64   594   617:===========*
  66   647   488:=========*===
  68   317   384:====== *
  70   318   301:=====*
  72   247   235:====*
  74   254   183:===*=
  76   208   143:==*=
  78   126   111:==*
  80   109    86:=*=
  82    74    66:=*
  84    80    52:*=
  86    58    40:*=
  88    38    31:*          inset = represents 2 library sequences
  90    36    24:*
  92    51    19:*         :=========*================
  94    25    14:*         :======*======
  96     6    11:*         :===  *
  98     8     9:*         :====*
 100     8     7:*         :===*
 102     1     5:*         := *
 104     0     4:*         : *
 106     4     3:*         :=*
 108     1     2:*         :*
 110     1     2:*         :*
 112     0     1:*         :*
 114     0     1:*         :*
 116     0     1:*         :*
 118     0     1:*         :*
>120     0     1:*         :*
   696332 residues in 28274 sequences
Statistics: MLE_cen statistics: Lambda= 0.4382;  K=0.2102 (cen=999)
 statistics sampled from 28274 (28274) to 28274 sequences
 Kolmogorov-Smirnov  statistic: 0.0574 (N=29) at  42
Algorithm: Smith-Waterman (SSE2, Michael Farrar 2006) (7.1 Aug 2009)
Parameters: BL80 matrix (11:-6), open/ext: -10/-2
 Scan time:  0.040
!! No sequences with E() < 0.1
 43>>>lcl|ORF2914_ZT-469_1:7244:7279_unnamed_prote - 11 aa
Library: ./database/DRAMP.fa
   696332 residues in 28274 sequences

       opt      E()
< 20     8     0:=
  22     7     0:=          one = represents 43 library sequences
  24     8     0:=
  26    22     1:*
  28    46     6:*=
  30   126    39:*==
  32   301   151:===*===
  34   601   408:=========*====
  36   932   839:===================*==
  38  1627  1386:================================*=====
  40  1779  1934:==========================================  *
  42  2484  2364:======================================================*===
  44  1855  2608:============================================               *
  46  2553  2656:===========================================================*
  48  2277  2543:=====================================================      *
  50  1760  2320:=========================================            *
  52  2345  2040:===============================================*=======
  54  2039  1742:========================================*=======
  56  1236  1455:=============================    *
  58  1283  1195:===========================*==
  60  1412   968:======================*==========
  62   755   776:==================*
  64   478   617:============  *
  66   524   488:===========*=
  68   404   384:========*=
  70   262   301:======*
  72   178   235:=====*
  74   369   183:====*====
  76   158   143:===*
  78   139   111:==*=
  80    71    86:=*
  82    36    66:=*
  84    46    52:=*
  86    31    40:*
  88    72    31:*=         inset = represents 1 library sequences
  90    21    24:*
  92    11    19:*         :===========       *
  94     7    14:*         :=======      *
  96     3    11:*         :===       *
  98     3     9:*         :===     *
 100     0     7:*         :      *
 102     1     5:*         :=   *
 104     0     4:*         :   *
 106     3     3:*         :==*
 108     0     2:*         : *
 110     0     2:*         : *
 112     0     1:*         :*
 114     0     1:*         :*
 116     1     1:*         :*
 118     0     1:*         :*
>120     0     1:*         :*
   696332 residues in 28274 sequences
Statistics: MLE_cen statistics: Lambda= 0.3606;  K=0.1584 (cen=999)
 statistics sampled from 28274 (28274) to 28274 sequences
 Kolmogorov-Smirnov  statistic: 0.0310 (N=29) at  50
Algorithm: Smith-Waterman (SSE2, Michael Farrar 2006) (7.1 Aug 2009)
Parameters: BL80 matrix (11:-6), open/ext: -10/-2
 Scan time:  0.050
!! No sequences with E() < 0.1
 44>>>lcl|ORF3228_ZT-469_1:48710:48766_unnamed_prote - 18 aa
Library: ./database/DRAMP.fa
   696332 residues in 28274 sequences

       opt      E()
< 20    16     0:=
  22     9     0:=          one = represents 47 library sequences
  24    12     0:=
  26    30     1:*
  28    58     6:*=
  30   167    39:*===
  32   299   151:===*===
  34   490   408:========*==
  36   913   839:=================*==
  38  1087  1386:========================     *
  40  2373  1934:=========================================*=========
  42  2413  2364:==================================================*=
  44  2239  2608:================================================       *
  46  2790  2656:========================================================*===
  48  2438  2543:====================================================  *
  50  1650  2320:====================================             *
  52  2541  2040:===========================================*===========
  54  1782  1742:=====================================*
  56   980  1455:=====================         *
  58  1587  1195:=========================*========
  60   922   968:====================*
  62   688   776:=============== *
  64   693   617:=============*=
  66   540   488:==========*=
  68   362   384:========*
  70   418   301:======*==
  72   186   235:====*
  74   109   183:===*
  76   135   143:===*
  78    98   111:==*
  80    56    86:=*
  82    60    66:=*
  84    34    52:=*
  86    22    40:*
  88    23    31:*          inset = represents 1 library sequences
  90    15    24:*
  92     5    19:*         :=====             *
  94     6    14:*         :======       *
  96     8    11:*         :========  *
  98     8     9:*         :========*
 100     5     7:*         :===== *
 102     4     5:*         :====*
 104     1     4:*         :=  *
 106     1     3:*         := *
 108     0     2:*         : *
 110     0     2:*         : *
 112     1     1:*         :*
 114     0     1:*         :*
 116     0     1:*         :*
 118     0     1:*         :*
>120     0     1:*         :*
   696332 residues in 28274 sequences
Statistics: MLE_cen statistics: Lambda= 0.3838;  K=0.1225 (cen=999)
 statistics sampled from 28274 (28274) to 28274 sequences
 Kolmogorov-Smirnov  statistic: 0.0256 (N=29) at  42
Algorithm: Smith-Waterman (SSE2, Michael Farrar 2006) (7.1 Aug 2009)
Parameters: BL80 matrix (11:-6), open/ext: -10/-2
 Scan time:  0.040
!! No sequences with E() < 0.1
 45>>>lcl|ORF3235_ZT-469_1:49298:49339_unnamed_prote - 13 aa
Library: ./database/DRAMP.fa
   696332 residues in 28274 sequences

       opt      E()
< 20    10     0:=
  22     5     0:=          one = represents 52 library sequences
  24    12     0:=
  26    11     1:*
  28    21     6:*
  30    82    39:*=
  32   113   151:==*
  34   958   408:=======*===========
  36   529   839:===========     *
  38  1629  1386:==========================*=====
  40  2373  1934:=====================================*========
  42  1695  2364:=================================            *
  44  3104  2607:==================================================*=========
  46  1827  2656:====================================               *
  48  2774  2543:================================================*=====
  50  2619  2320:============================================*======
  52  1780  2040:===================================    *
  54  1859  1742:=================================*==
  56  1240  1455:========================   *
  58  1146  1195:======================*
  60  1121   968:==================*===
  62   580   776:============  *
  64   687   617:===========*==
  66   329   488:=======  *
  68   512   384:=======*==
  70   285   301:=====*
  72   118   235:=== *
  74   258   183:===*=
  76   111   143:==*
  78    79   111:==*
  80    90    86:=*
  82    84    66:=*
  84    59    52:*=
  86    52    40:*
  88    43    31:*          inset = represents 1 library sequences
  90    33    24:*
  92    17    19:*         :================= *
  94     9    14:*         :=========    *
  96     5    11:*         :=====     *
  98     5     9:*         :=====   *
 100     1     7:*         :=     *
 102     1     5:*         :=   *
 104     2     4:*         :== *
 106     1     3:*         := *
 108     1     2:*         :=*
 110     1     2:*         :=*
 112     1     1:*         :*
 114     0     1:*         :*
 116     0     1:*         :*
 118     1     1:*         :*
>120     1     1:*         :*
   696332 residues in 28274 sequences
Statistics: MLE_cen statistics: Lambda= 0.4194;  K=0.1883 (cen=999)
 statistics sampled from 28273 (28274) to 28273 sequences
 Kolmogorov-Smirnov  statistic: 0.0343 (N=29) at  40
Algorithm: Smith-Waterman (SSE2, Michael Farrar 2006) (7.1 Aug 2009)
Parameters: BL80 matrix (11:-6), open/ext: -10/-2
 Scan time:  0.040
!! No sequences with E() < 0.1
 46>>>lcl|ORF3403_ZT-469_1:79532:79585_unnamed_prote - 17 aa
Library: ./database/DRAMP.fa
   696332 residues in 28274 sequences

       opt      E()
< 20    15     0:=
  22     7     0:=          one = represents 47 library sequences
  24    24     0:=
  26    30     1:*
  28    82     6:*=
  30   115    39:*==
  32   174   151:===*
  34   657   408:========*=====
  36   878   839:=================*=
  38   969  1386:=====================        *
  40  2089  1934:=========================================*===
  42  2486  2364:==================================================*==
  44  2729  2608:=======================================================*===
  46  2343  2656:==================================================      *
  48  2782  2543:======================================================*=====
  50  2599  2320:=================================================*======
  52  2127  2040:===========================================*==
  54  1929  1742:=====================================*====
  56  1487  1455:==============================*=
  58  1221  1195:=========================*
  60   787   968:=================   *
  62   768   776:================*
  64   538   617:============ *
  66   303   488:=======   *
  68   351   384:========*
  70   220   301:===== *
  72   151   235:====*
  74   129   183:===*
  76    87   143:== *
  78    54   111:==*
  80    33    86:=*
  82    48    66:=*
  84    22    52:=*
  86    13    40:*
  88     7    31:*          inset = represents 1 library sequences
  90     8    24:*
  92     3    19:*         :===               *
  94     2    14:*         :==           *
  96     1    11:*         :=         *
  98     4     9:*         :====    *
 100     0     7:*         :      *
 102     1     5:*         :=   *
 104     1     4:*         :=  *
 106     0     3:*         :  *
 108     0     2:*         : *
 110     0     2:*         : *
 112     0     1:*         :*
 114     0     1:*         :*
 116     0     1:*         :*
 118     0     1:*         :*
>120     0     1:*         :*
   696332 residues in 28274 sequences
Statistics: MLE_cen statistics: Lambda= 0.3675;  K=0.1238 (cen=999)
 statistics sampled from 28274 (28274) to 28274 sequences
 Kolmogorov-Smirnov  statistic: 0.0368 (N=29) at  58
Algorithm: Smith-Waterman (SSE2, Michael Farrar 2006) (7.1 Aug 2009)
Parameters: BL80 matrix (11:-6), open/ext: -10/-2
 Scan time:  0.040
!! No sequences with E() < 0.1
 47>>>lcl|ORF3410_ZT-469_1:80186:80245_unnamed_prote - 19 aa
Library: ./database/DRAMP.fa
   696332 residues in 28274 sequences

       opt      E()
< 20    13     0:=
  22     6     0:=          one = represents 48 library sequences
  24    18     0:=
  26    61     1:*=
  28    31     6:*
  30   150    39:*===
  32   210   151:===*=
  34   383   408:========*
  36  1159   839:=================*=======
  38  1330  1386:============================*
  40  1974  1934:========================================*=
  42  2170  2364:==============================================   *
  44  2367  2607:==================================================    *
  46  2835  2656:=======================================================*====
  48  1975  2543:==========================================          *
  50  2014  2320:==========================================      *
  52  2499  2040:==========================================*==========
  54  1238  1742:==========================          *
  56  1601  1455:==============================*===
  58  1226  1195:========================*=
  60   728   968:================    *
  62  1354   776:================*============
  64   678   617:============*==
  66   527   488:==========*
  68   440   384:=======*==
  70   325   301:======*
  72   166   235:====*
  74   211   183:===*=
  76   159   143:==*=
  78   103   111:==*
  80    88    86:=*
  82    49    66:=*
  84    49    52:=*
  86    34    40:*
  88    13    31:*          inset = represents 1 library sequences
  90    19    24:*
  92    25    19:*         :==================*======
  94    10    14:*         :==========   *
  96    11    11:*         :==========*
  98     5     9:*         :=====   *
 100     2     7:*         :==    *
 102     4     5:*         :====*
 104     3     4:*         :===*
 106     2     3:*         :==*
 108     2     2:*         :=*
 110     1     2:*         :=*
 112     0     1:*         :*
 114     4     1:*         :*===
 116     0     1:*         :*
 118     1     1:*         :*
>120     1     1:*         :*
   696332 residues in 28274 sequences
Statistics: MLE_cen statistics: Lambda= 0.3976;  K=0.1867 (cen=999)
 statistics sampled from 28273 (28274) to 28273 sequences
 Kolmogorov-Smirnov  statistic: 0.0240 (N=29) at  60
Algorithm: Smith-Waterman (SSE2, Michael Farrar 2006) (7.1 Aug 2009)
Parameters: BL80 matrix (11:-6), open/ext: -10/-2
 Scan time:  0.040
!! No sequences with E() < 0.1
 48>>>lcl|ORF3598_ZT-469_1:102263:102310_unnamed_prote - 15 aa
Library: ./database/DRAMP.fa
   696332 residues in 28274 sequences

       opt      E()
< 20    10     0:=
  22    12     0:=          one = represents 50 library sequences
  24    17     0:=
  26    45     1:*
  28    50     6:*
  30   193    39:*===
  32   207   151:===*=
  34   644   408:========*====
  36  1004   839:================*====
  38  1448  1386:===========================*=
  40  1791  1934:====================================  *
  42  2298  2364:============================================== *
  44  1700  2608:==================================                  *
  46  2998  2656:=====================================================*======
  48  2643  2543:==================================================*==
  50  1619  2320:=================================             *
  52  2112  2040:========================================*==
  54  1481  1742:==============================    *
  56  1222  1455:=========================    *
  58  1489  1195:=======================*======
  60   867   968:================== *
  62   930   776:===============*===
  64   815   617:============*====
  66   485   488:=========*
  68   618   384:=======*=====
  70   405   301:======*==
  72   200   235:====*
  74   222   183:===*=
  76   254   143:==*===
  78   139   111:==*
  80   113    86:=*=
  82    82    66:=*
  84    45    52:=*
  86    30    40:*
  88    26    31:*          inset = represents 1 library sequences
  90    11    24:*
  92    18    19:*         :==================*
  94     8    14:*         :========     *
  96     6    11:*         :======    *
  98     8     9:*         :========*
 100     1     7:*         :=     *
 102     1     5:*         :=   *
 104     2     4:*         :== *
 106     0     3:*         :  *
 108     2     2:*         :=*
 110     1     2:*         :=*
 112     1     1:*         :*
 114     0     1:*         :*
 116     0     1:*         :*
 118     1     1:*         :*
>120     0     1:*         :*
   696332 residues in 28274 sequences
Statistics: MLE_cen statistics: Lambda= 0.3878;  K=0.1471 (cen=999)
 statistics sampled from 28274 (28274) to 28274 sequences
 Kolmogorov-Smirnov  statistic: 0.0357 (N=29) at  56
Algorithm: Smith-Waterman (SSE2, Michael Farrar 2006) (7.1 Aug 2009)
Parameters: BL80 matrix (11:-6), open/ext: -10/-2
 Scan time:  0.040
!! No sequences with E() < 0.1
 49>>>lcl|ORF3599_ZT-469_1:102311:102346_unnamed_prote - 11 aa
Library: ./database/DRAMP.fa
   696332 residues in 28274 sequences

       opt      E()
< 20     6     0:=
  22     5     0:=          one = represents 50 library sequences
  24     5     0:=
  26    27     1:*
  28    49     6:*
  30    85    39:*=
  32   228   151:===*=
  34   846   408:========*========
  36   679   839:==============  *
  38  1525  1386:===========================*===
  40  1942  1934:======================================*
  42  1380  2364:============================                   *
  44  2882  2608:====================================================*=====
  46  2972  2656:=====================================================*======
  48  1822  2543:=====================================             *
  50  2713  2320:==============================================*========
  52  1987  2040:========================================*
  54  1389  1742:============================      *
  56  1769  1455:=============================*======
  58  1170  1195:=======================*
  60   867   968:================== *
  62   876   776:===============*==
  64   562   617:============*
  66   496   488:=========*
  68   552   384:=======*====
  70   378   301:======*=
  72   334   235:====*==
  74   169   183:===*
  76   110   143:==*
  78    84   111:==*
  80    61    86:=*
  82    42    66:=*
  84   143    52:=*=
  86    38    40:*
  88    34    31:*          inset = represents 1 library sequences
  90    11    24:*
  92    12    19:*         :============      *
  94    10    14:*         :==========   *
  96     3    11:*         :===       *
  98     2     9:*         :==      *
 100     3     7:*         :===   *
 102     3     5:*         :=== *
 104     0     4:*         :   *
 106     1     3:*         := *
 108     0     2:*         : *
 110     1     2:*         :=*
 112     0     1:*         :*
 114     0     1:*         :*
 116     0     1:*         :*
 118     1     1:*         :*
>120     0     1:*         :*
   696332 residues in 28274 sequences
Statistics: MLE_cen statistics: Lambda= 0.3921;  K=0.08618 (cen=999)
 statistics sampled from 28274 (28274) to 28274 sequences
 Kolmogorov-Smirnov  statistic: 0.0226 (N=29) at  34
Algorithm: Smith-Waterman (SSE2, Michael Farrar 2006) (7.1 Aug 2009)
Parameters: BL80 matrix (11:-6), open/ext: -10/-2
 Scan time:  0.040
!! No sequences with E() < 0.1
 50>>>lcl|ORF3649_ZT-469_1:108422:108466_unnamed_prote - 14 aa
Library: ./database/DRAMP.fa
   696332 residues in 28274 sequences

       opt      E()
< 20    16     0:=
  22     4     0:=          one = represents 43 library sequences
  24    18     0:=
  26    26     1:*
  28    61     6:*=
  30   126    39:*==
  32   412   151:===*======
  34   540   408:=========*===
  36   890   839:===================*=
  38  1925  1386:================================*============
  40  1690  1934:========================================    *
  42  1883  2364:============================================          *
  44  2563  2608:===========================================================*
  46  2137  2656:==================================================         *
  48  1699  2543:========================================                   *
  50  2230  2320:==================================================== *
  52  2040  2040:===============================================*
  54  1610  1742:======================================  *
  56  1798  1455:=================================*========
  58  1169  1195:===========================*
  60   894   968:===================== *
  62  1296   776:==================*============
  64   699   617:==============*==
  66   443   488:===========*
  68   383   384:========*
  70   407   301:======*===
  72   259   235:=====*=
  74   225   183:====*=
  76   197   143:===*=
  78   127   111:==*
  80   128    86:=*=
  82    93    66:=*=
  84    76    52:=*
  86    27    40:*
  88    50    31:*=         inset = represents 1 library sequences
  90    37    24:*
  92    28    19:*         :==================*=========
  94    23    14:*         :=============*=========
  96    19    11:*         :==========*========
  98     5     9:*         :=====   *
 100     3     7:*         :===   *
 102     4     5:*         :====*
 104     2     4:*         :== *
 106     0     3:*         :  *
 108     0     2:*         : *
 110     1     2:*         :=*
 112     5     1:*         :*====
 114     2     1:*         :*=
 116     2     1:*         :*=
 118     2     1:*         :*=
>120     0     1:*         :*
   696332 residues in 28274 sequences
Statistics: MLE_cen statistics: Lambda= 0.3690;  K=0.1681 (cen=999)
 statistics sampled from 28274 (28274) to 28274 sequences
 Kolmogorov-Smirnov  statistic: 0.0419 (N=29) at  54
Algorithm: Smith-Waterman (SSE2, Michael Farrar 2006) (7.1 Aug 2009)
Parameters: BL80 matrix (11:-6), open/ext: -10/-2
 Scan time:  0.040
!! No sequences with E() < 0.1


690 residues in 50 query   sequences
696332 residues in 28274 library sequences
 Scomplib [36.05]
 start: Thu Aug 21 14:47:12 2025 done: Thu Aug 21 14:47:15 2025
 Total Scan time:  2.050 Total Display time:  0.030

Function used was SSEARCH [version 36.05 March, 2010]
