# ../../cgi-bin/seq-search/bin/ssearch35 -Q -s BL80 -b 10 -d 10 -E 0.1 -T 8 ../../tmp/simi_search_tmp/XDTbzhdRsmXgL4HXth/XDTbzhdRsmXgL4HXth.in ./database/DRAMP.fa
SSEARCH searches a sequence data bank
 version 36.05 March, 2010
Please cite:
 T. F. Smith and M. S. Waterman, (1981) J. Mol. Biol. 147:195-197; 
 W.R. Pearson (1991) Genomics 11:635-650

Query: ../../tmp/simi_search_tmp/XDTbzhdRsmXgL4HXth/XDTbzhdRsmXgL4HXth.in
  1>>>lcl|ORF2057_ZT-466_1:51991:52035_unnamed_prote - 14 aa
Library: ./database/DRAMP.fa
   696332 residues in 28274 sequences

       opt      E()
< 20     2     0:=
  22     5     0:=          one = represents 46 library sequences
  24     4     0:=
  26    16     1:*
  28    74     6:*=
  30   166    39:*===
  32   442   151:===*======
  34   745   408:========*========
  36   953   839:==================*==
  38  1097  1386:========================      *
  40  1503  1934:=================================         *
  42  1926  2364:==========================================         *
  44  1756  2608:=======================================                 *
  46  2025  2656:=============================================            *
  48  2744  2543:=======================================================*====
  50  2482  2320:==================================================*===
  52  2296  2040:============================================*=====
  54  2149  1742:=====================================*=========
  56  1959  1455:===============================*===========
  58  1361  1195:=========================*====
  60  1081   968:=====================*==
  62   977   776:================*=====
  64   581   617:=============*
  66   464   488:==========*
  68   420   384:========*=
  70   293   301:======*
  72   215   235:=====*
  74   144   183:===*
  76   133   143:===*
  78    67   111:==*
  80    89    86:=*
  82    54    66:=*
  84    14    52:=*
  86    13    40:*
  88    11    31:*          inset = represents 1 library sequences
  90     6    24:*
  92     1    19:*         :=                 *
  94     3    14:*         :===          *
  96     0    11:*         :          *
  98     0     9:*         :        *
 100     0     7:*         :      *
 102     0     5:*         :    *
 104     2     4:*         :== *
 106     0     3:*         :  *
 108     0     2:*         : *
 110     0     2:*         : *
 112     0     1:*         :*
 114     1     1:*         :*
 116     0     1:*         :*
 118     0     1:*         :*
>120     0     1:*         :*
   696332 residues in 28274 sequences
Statistics: MLE_cen statistics: Lambda= 0.2760;  K=0.06992 (cen=999)
 statistics sampled from 28274 (28274) to 28274 sequences
 Kolmogorov-Smirnov  statistic: 0.0594 (N=29) at  46
Algorithm: Smith-Waterman (SSE2, Michael Farrar 2006) (7.1 Aug 2009)
Parameters: BL80 matrix (11:-6), open/ext: -10/-2
 Scan time:  0.040
!! No sequences with E() < 0.1
  2>>>lcl|ORF2188_ZT-466_1:67567:67599_unnamed_prote - 10 aa
Library: ./database/DRAMP.fa
   696332 residues in 28274 sequences

       opt      E()
< 20     4     0:=
  22     7     0:=          one = represents 46 library sequences
  24     8     0:=
  26     9     1:*
  28    40     6:*
  30    83    39:*=
  32   223   151:===*=
  34  1176   408:========*=================
  36   958   839:==================*==
  38  1323  1386:============================= *
  40  1888  1934:==========================================*
  42  2027  2364:=============================================      *
  44  1819  2608:========================================                *
  46  2102  2656:==============================================           *
  48  2753  2543:=======================================================*====
  50  1933  2320:===========================================       *
  52  1803  2040:========================================    *
  54  1827  1742:=====================================*==
  56  1643  1455:===============================*====
  58  1147  1195:=========================*
  60   824   968:==================   *
  62   605   776:==============  *
  64   586   617:=============*
  66   681   488:==========*====
  68   923   384:========*============
  70   792   301:======*===========
  72   305   235:=====*=
  74   184   183:===*
  76   107   143:===*
  78   126   111:==*
  80   104    86:=*=
  82    79    66:=*
  84    59    52:=*
  86    36    40:*
  88    29    31:*          inset = represents 1 library sequences
  90    28    24:*
  92    10    19:*         :==========        *
  94     9    14:*         :=========    *
  96     7    11:*         :=======   *
  98     1     9:*         :=       *
 100     1     7:*         :=     *
 102     0     5:*         :    *
 104     0     4:*         :   *
 106     1     3:*         := *
 108     4     2:*         :=*==
 110     0     2:*         : *
 112     0     1:*         :*
 114     0     1:*         :*
 116     0     1:*         :*
 118     0     1:*         :*
>120     0     1:*         :*
   696332 residues in 28274 sequences
Statistics: MLE_cen statistics: Lambda= 0.3391;  K=0.1478 (cen=999)
 statistics sampled from 28274 (28274) to 28274 sequences
 Kolmogorov-Smirnov  statistic: 0.0447 (N=29) at  64
Algorithm: Smith-Waterman (SSE2, Michael Farrar 2006) (7.1 Aug 2009)
Parameters: BL80 matrix (11:-6), open/ext: -10/-2
 Scan time:  0.040
!! No sequences with E() < 0.1
  3>>>lcl|ORF2307_ZT-466_1:81553:81591_unnamed_prote - 12 aa
Library: ./database/DRAMP.fa
   696332 residues in 28274 sequences

       opt      E()
< 20     1     0:=
  22    12     0:=          one = represents 60 library sequences
  24    19     0:=
  26    27     1:*
  28    60     6:*
  30   115    39:*=
  32   246   151:==*==
  34   433   408:======*=
  36   713   839:============ *
  38  1716  1386:=======================*=====
  40  1825  1934:=============================== *
  42  1781  2364:==============================         *
  44  2520  2608:========================================== *
  46  3600  2656:============================================*===============
  48  2756  2543:==========================================*===
  50  2465  2320:======================================*===
  52  1636  2040:============================     *
  54  1609  1742:===========================  *
  56  1590  1455:========================*==
  58  1337  1195:===================*===
  60   917   968:================*
  62   610   776:=========== *
  64   435   617:========  *
  66   320   488:======  *
  68   501   384:======*==
  70   367   301:=====*=
  72   165   235:===*
  74   110   183:== *
  76   146   143:==*
  78    59   111:=*
  80    39    86:=*
  82    20    66:=*
  84    88    52:*=
  86    12    40:*
  88     6    31:*          inset = represents 1 library sequences
  90     4    24:*
  92     0    19:*         :                  *
  94     2    14:*         :==           *
  96     1    11:*         :=         *
  98     4     9:*         :====    *
 100     2     7:*         :==    *
 102     2     5:*         :==  *
 104     1     4:*         :=  *
 106     0     3:*         :  *
 108     1     2:*         :=*
 110     0     2:*         : *
 112     0     1:*         :*
 114     0     1:*         :*
 116     0     1:*         :*
 118     1     1:*         :*
>120     0     1:*         :*
   696332 residues in 28274 sequences
Statistics: MLE_cen statistics: Lambda= 0.3050;  K=0.05545 (cen=999)
 statistics sampled from 28274 (28274) to 28274 sequences
 Kolmogorov-Smirnov  statistic: 0.0366 (N=29) at  50
Algorithm: Smith-Waterman (SSE2, Michael Farrar 2006) (7.1 Aug 2009)
Parameters: BL80 matrix (11:-6), open/ext: -10/-2
 Scan time:  0.040
!! No sequences with E() < 0.1
  4>>>lcl|ORF2811_ZT-466_1:137230:137262_unnamed_prote - 10 aa
Library: ./database/DRAMP.fa
   696332 residues in 28274 sequences

       opt      E()
< 20     7     0:=
  22     8     0:=          one = represents 39 library sequences
  24    10     0:=
  26    27     1:*
  28    33     6:*
  30   127    39:*===
  32   267   151:===*===
  34   721   408:==========*========
  36  1472   839:=====================*================
  38  1197  1386:===============================    *
  40  2024  1934:=================================================*==
  42  1966  2364:===================================================        *
  44  2282  2608:===========================================================*
  46  1843  2656:================================================           *
  48  1919  2543:==================================================         *
  50  1859  2320:================================================           *
  52  1789  2040:==============================================      *
  54  1597  1742:=========================================   *
  56  2194  1455:=====================================*===================
  58  1508  1195:==============================*========
  60  1024   968:========================*==
  62   867   776:===================*===
  64   990   617:===============*==========
  66   566   488:============*==
  68   392   384:=========*=
  70   362   301:=======*==
  72   414   235:======*====
  74   205   183:====*=
  76   129   143:===*
  78   101   111:==*
  80    54    86:==*
  82    46    66:=*
  84    38    52:=*
  86    26    40:=*
  88    17    31:*          inset = represents 1 library sequences
  90    17    24:*
  92    23    19:*         :==================*====
  94    16    14:*         :=============*==
  96    34    11:*         :==========*=======================
  98    34     9:*         :========*=========================
 100    21     7:*         :======*==============
 102    22     5:*         :====*=================
 104    18     4:*         :===*==============
 106     6     3:*         :==*===
 108     2     2:*         :=*
 110     0     2:*         : *
 112     0     1:*         :*
 114     0     1:*         :*
 116     0     1:*         :*
 118     0     1:*         :*
>120     0     1:*         :*
   696332 residues in 28274 sequences
Statistics: MLE_cen statistics: Lambda= 0.3323;  K=0.1059 (cen=999)
 statistics sampled from 28274 (28274) to 28274 sequences
 Kolmogorov-Smirnov  statistic: 0.0671 (N=29) at  54
Algorithm: Smith-Waterman (SSE2, Michael Farrar 2006) (7.1 Aug 2009)
Parameters: BL80 matrix (11:-6), open/ext: -10/-2
 Scan time:  0.040
!! No sequences with E() < 0.1
  5>>>lcl|ORF3074_ZT-466_1:164893:164952_unnamed_prote - 19 aa
Library: ./database/DRAMP.fa
   696332 residues in 28274 sequences

       opt      E()
< 20    18     0:=
  22     6     0:=          one = represents 49 library sequences
  24    15     0:=
  26    23     1:*
  28    46     6:*
  30   131    39:*==
  32   262   151:===*==
  34   499   408:========*==
  36  1232   839:=================*========
  38  1285  1386:=========================== *
  40  2318  1934:=======================================*========
  42  1686  2364:===================================             *
  44  1901  2608:=======================================              *
  46  2828  2656:======================================================*===
  48  1665  2543:==================================                 *
  50  2885  2320:===============================================*===========
  52  2335  2040:=========================================*======
  54  1822  1742:===================================*==
  56  1636  1455:=============================*====
  58  1056  1195:======================  *
  60   975   968:===================*
  62   890   776:===============*===
  64   414   617:=========   *
  66   596   488:=========*===
  68   372   384:=======*
  70   216   301:===== *
  72   288   235:====*=
  74   188   183:===*
  76   121   143:==*
  78   148   111:==*=
  80   106    86:=*=
  82    49    66:=*
  84    41    52:=*
  86    30    40:*
  88    95    31:*=         inset = represents 1 library sequences
  90    37    24:*
  92    17    19:*         :================= *
  94     8    14:*         :========     *
  96     9    11:*         :========= *
  98     8     9:*         :========*
 100     1     7:*         :=     *
 102     5     5:*         :====*
 104     4     4:*         :===*
 106     1     3:*         := *
 108     3     2:*         :=*=
 110     0     2:*         : *
 112     1     1:*         :*
 114     0     1:*         :*
 116     1     1:*         :*
 118     1     1:*         :*
>120     0     1:*         :*
   696332 residues in 28274 sequences
Statistics: MLE_cen statistics: Lambda= 0.4040;  K=0.1901 (cen=999)
 statistics sampled from 28274 (28274) to 28274 sequences
 Kolmogorov-Smirnov  statistic: 0.0373 (N=29) at  40
Algorithm: Smith-Waterman (SSE2, Michael Farrar 2006) (7.1 Aug 2009)
Parameters: BL80 matrix (11:-6), open/ext: -10/-2
 Scan time:  0.040
!! No sequences with E() < 0.1
  6>>>lcl|ORF3505_ZT-466_1:36164:36202_unnamed_prote - 12 aa
Library: ./database/DRAMP.fa
   696332 residues in 28274 sequences

       opt      E()
< 20     0     0:
  22     2     0:=          one = represents 48 library sequences
  24     8     0:=
  26    21     1:*
  28    43     6:*
  30   151    39:*===
  32   275   151:===*==
  34   500   408:========*==
  36   822   839:=================*
  38  1324  1386:============================*
  40  2170  1934:========================================*=====
  42  2859  2364:=================================================*==========
  44  2146  2608:=============================================         *
  46  2647  2656:=======================================================*
  48  2317  2543:=================================================   *
  50  1879  2320:========================================        *
  52  1921  2040:========================================= *
  54  1562  1742:=================================   *
  56  1386  1455:============================= *
  58  1512  1195:========================*=======
  60  1164   968:====================*====
  62   705   776:=============== *
  64   657   617:============*=
  66   448   488:==========*
  68   431   384:=======*=
  70   328   301:======*
  72   238   235:====*
  74   211   183:===*=
  76   111   143:==*
  78   101   111:==*
  80    79    86:=*
  82    76    66:=*
  84    39    52:=*
  86    50    40:*=
  88    29    31:*          inset = represents 1 library sequences
  90    20    24:*
  92    14    19:*         :==============    *
  94     5    14:*         :=====        *
  96     8    11:*         :========  *
  98     5     9:*         :=====   *
 100     3     7:*         :===   *
 102     1     5:*         :=   *
 104     5     4:*         :===*=
 106     0     3:*         :  *
 108     0     2:*         : *
 110     1     2:*         :=*
 112     0     1:*         :*
 114     0     1:*         :*
 116     0     1:*         :*
 118     0     1:*         :*
>120     0     1:*         :*
   696332 residues in 28274 sequences
Statistics: MLE_cen statistics: Lambda= 0.3176;  K=0.07098 (cen=999)
 statistics sampled from 28274 (28274) to 28274 sequences
 Kolmogorov-Smirnov  statistic: 0.0370 (N=29) at  42
Algorithm: Smith-Waterman (SSE2, Michael Farrar 2006) (7.1 Aug 2009)
Parameters: BL80 matrix (11:-6), open/ext: -10/-2
 Scan time:  0.040
!! No sequences with E() < 0.1
  7>>>lcl|ORF3990_ZT-466_1:99554:99592_unnamed_prote - 12 aa
Library: ./database/DRAMP.fa
   696332 residues in 28274 sequences

       opt      E()
< 20     9     0:=
  22     8     0:=          one = represents 47 library sequences
  24     5     0:=
  26    25     1:*
  28    46     6:*
  30   135    39:*==
  32   360   151:===*====
  34   537   408:========*===
  36  1145   839:=================*=======
  38  1543  1386:=============================*===
  40  1710  1934:=====================================    *
  42  1946  2364:==========================================        *
  44  2350  2608:==================================================     *
  46  2763  2656:========================================================*==
  48  1818  2543:=======================================               *
  50  1972  2320:==========================================       *
  52  1700  2040:=====================================      *
  54  1607  1742:===================================  *
  56  1061  1455:=======================       *
  58  1248  1195:=========================*=
  60   794   968:=================   *
  62  1211   776:================*=========
  64  1120   617:=============*==========
  66   686   488:==========*====
  68   375   384:========*
  70   364   301:======*=
  72   541   235:====*=======
  74   237   183:===*==
  76   151   143:===*
  78   142   111:==*=
  80   201    86:=*===
  82   103    66:=*=
  84    56    52:=*
  86    60    40:*=
  88    64    31:*=         inset = represents 2 library sequences
  90    38    24:*
  92    41    19:*         :=========*===========
  94    69    14:*=        :======*============================
  96    10    11:*         :=====*
  98     8     9:*         :====*
 100     8     7:*         :===*
 102     2     5:*         := *
 104     5     4:*         :=*=
 106     0     3:*         : *
 108     0     2:*         :*
 110     0     2:*         :*
 112     0     1:*         :*
 114     0     1:*         :*
 116     0     1:*         :*
 118     0     1:*         :*
>120     0     1:*         :*
   696332 residues in 28274 sequences
Statistics: MLE_cen statistics: Lambda= 0.3489;  K=0.1551 (cen=999)
 statistics sampled from 28274 (28274) to 28274 sequences
 Kolmogorov-Smirnov  statistic: 0.0666 (N=29) at  60
Algorithm: Smith-Waterman (SSE2, Michael Farrar 2006) (7.1 Aug 2009)
Parameters: BL80 matrix (11:-6), open/ext: -10/-2
 Scan time:  0.040
!! No sequences with E() < 0.1
  8>>>lcl|ORF4730_ZT-466_1:163550:163506_unnamed_prote - 14 aa
Library: ./database/DRAMP.fa
   696332 residues in 28274 sequences

       opt      E()
< 20    19     0:=
  22    13     0:=          one = represents 47 library sequences
  24    26     0:=
  26    43     1:*
  28    71     6:*=
  30   140    39:*==
  32   242   151:===*==
  34   587   408:========*====
  36   774   839:=================*
  38  1678  1386:=============================*======
  40  2347  1934:=========================================*========
  42  1412  2364:===============================                   *
  44  2775  2608:=======================================================*====
  46  1830  2656:=======================================                 *
  48  2308  2543:==================================================    *
  50  2471  2320:=================================================*===
  52  1782  2040:======================================     *
  54  2175  1742:=====================================*=========
  56  1193  1455:==========================    *
  58  1325  1195:=========================*===
  60   940   968:====================*
  62  1226   776:================*==========
  64   650   617:=============*
  66   401   488:========= *
  68   465   384:========*=
  70   318   301:======*
  72   308   235:====*==
  74   225   183:===*=
  76   110   143:===*
  78   135   111:==*
  80    49    86:=*
  82    74    66:=*
  84    44    52:=*
  86    19    40:*
  88    21    31:*          inset = represents 1 library sequences
  90    11    24:*
  92    28    19:*         :==================*=========
  94    10    14:*         :==========   *
  96     5    11:*         :=====     *
  98     5     9:*         :=====   *
 100     1     7:*         :=     *
 102     7     5:*         :====*==
 104     2     4:*         :== *
 106     3     3:*         :==*
 108     2     2:*         :=*
 110     1     2:*         :=*
 112     1     1:*         :*
 114     2     1:*         :*=
 116     0     1:*         :*
 118     0     1:*         :*
>120     0     1:*         :*
   696332 residues in 28274 sequences
Statistics: MLE_cen statistics: Lambda= 0.4354;  K=0.2014 (cen=999)
 statistics sampled from 28274 (28274) to 28274 sequences
 Kolmogorov-Smirnov  statistic: 0.0409 (N=29) at  40
Algorithm: Smith-Waterman (SSE2, Michael Farrar 2006) (7.1 Aug 2009)
Parameters: BL80 matrix (11:-6), open/ext: -10/-2
 Scan time:  0.040
!! No sequences with E() < 0.1
  9>>>lcl|ORF4898_ZT-466_1:141509:141444_unnamed_prote - 21 aa
Library: ./database/DRAMP.fa
   696332 residues in 28274 sequences

       opt      E()
< 20  4700     0:============================================================
  22     0     0:           one = represents 79 library sequences
  24     2     0:=
  26     9     1:*
  28    35     6:*
  30    69    39:*
  32   174   151:=*=
  34   388   408:=====*
  36   721   839:==========*
  38   879  1386:============     *
  40  1869  1934:========================*
  42  1739  2364:=======================      *
  44  2111  2608:===========================      *
  46  2421  2656:===============================  *
  48  2167  2543:============================    *
  50  1836  2320:========================     *
  52  1642  2040:=====================    *
  54  1567  1742:====================  *
  56  1110  1455:===============   *
  58  1080  1195:============== *
  60   675   968:=========   *
  62   610   776:======== *
  64   561   617:=======*
  66   364   488:===== *
  68   362   384:====*
  70   353   301:===*=
  72   163   235:==*
  74   238   183:==*=
  76   101   143:=*
  78    49   111:=*
  80    57    86:=*
  82    47    66:*
  84    44    52:*
  86    32    40:*
  88    20    31:*          inset = represents 1 library sequences
  90    18    24:*
  92     9    19:*         :=========         *
  94    15    14:*         :=============*=
  96    11    11:*         :==========*
  98     8     9:*         :========*
 100     7     7:*         :======*
 102     6     5:*         :====*=
 104     2     4:*         :== *
 106     1     3:*         := *
 108     1     2:*         :=*
 110     0     2:*         : *
 112     0     1:*         :*
 114     0     1:*         :*
 116     0     1:*         :*
 118     0     1:*         :*
>120     1     1:*         :*
   696332 residues in 28274 sequences
Statistics:  Expectation_n fit: rho(ln(x))= 2.7992+/-0.000368; mu= 4.7683+/- 0.012
 mean_var=10.6344+/- 3.375, 0's: 4698 Z-trim: 4700  B-trim: 0 in 0/24
 Lambda= 0.393295
 statistics sampled from 28274 (28274) to 28274 sequences
 Kolmogorov-Smirnov  statistic: 0.1982 (N=29) at  88
Algorithm: Smith-Waterman (SSE2, Michael Farrar 2006) (7.1 Aug 2009)
Parameters: BL80 matrix (11:-6), open/ext: -10/-2
 Scan time:  0.030
!! No sequences with E() < 0.1
 10>>>lcl|ORF4974_ZT-466_1:134123:134076_unnamed_prote - 15 aa
Library: ./database/DRAMP.fa
   696332 residues in 28274 sequences

       opt      E()
< 20    19     0:=
  22    30     0:=          one = represents 48 library sequences
  24    17     0:=
  26    44     1:*
  28    73     6:*=
  30   160    39:*===
  32   229   151:===*=
  34   418   408:========*
  36   972   839:=================*===
  38  1659  1386:============================*======
  40  1446  1934:===============================         *
  42  2852  2364:=================================================*==========
  44  2556  2608:======================================================*
  46  2023  2656:===========================================            *
  48  2835  2543:====================================================*=======
  50  1760  2320:=====================================           *
  52  1819  2040:======================================    *
  54  2157  1742:====================================*========
  56  1237  1455:==========================    *
  58  1382  1195:========================*====
  60   962   968:====================*
  62   766   776:================*
  64   777   617:============*====
  66   437   488:==========*
  68   355   384:=======*
  70   340   301:======*=
  72   169   235:====*
  74   199   183:===*=
  76   140   143:==*
  78    75   111:==*
  80   109    86:=*=
  82    52    66:=*
  84    34    52:=*
  86    57    40:*=
  88    30    31:*          inset = represents 1 library sequences
  90    20    24:*
  92    20    19:*         :==================*=
  94     5    14:*         :=====        *
  96    16    11:*         :==========*=====
  98     6     9:*         :======  *
 100     4     7:*         :====  *
 102     6     5:*         :====*=
 104     1     4:*         :=  *
 106     5     3:*         :==*==
 108     0     2:*         : *
 110     0     2:*         : *
 112     1     1:*         :*
 114     0     1:*         :*
 116     0     1:*         :*
 118     0     1:*         :*
>120     0     1:*         :*
   696332 residues in 28274 sequences
Statistics: MLE_cen statistics: Lambda= 0.4095;  K=0.2067 (cen=999)
 statistics sampled from 28274 (28274) to 28274 sequences
 Kolmogorov-Smirnov  statistic: 0.0273 (N=29) at  42
Algorithm: Smith-Waterman (SSE2, Michael Farrar 2006) (7.1 Aug 2009)
Parameters: BL80 matrix (11:-6), open/ext: -10/-2
 Scan time:  0.050
!! No sequences with E() < 0.1
 11>>>lcl|ORF5258_ZT-466_1:101777:101730_unnamed_prote - 15 aa
Library: ./database/DRAMP.fa
   696332 residues in 28274 sequences

       opt      E()
< 20     7     0:=
  22     2     0:=          one = represents 44 library sequences
  24     2     0:=
  26    14     1:*
  28    25     6:*
  30    49    39:*=
  32   138   151:===*
  34   418   408:=========*
  36  1453   839:===================*==============
  38  1542  1386:===============================*====
  40  2009  1934:===========================================*==
  42  2365  2364:=====================================================*
  44  2382  2608:=======================================================    *
  46  2590  2656:===========================================================*
  48  2509  2543:=========================================================*
  50  2565  2320:====================================================*======
  52  1522  2040:===================================           *
  54  1425  1742:=================================      *
  56  1421  1455:=================================*
  58  1233  1195:===========================*=
  60   937   968:=====================*
  62   864   776:=================*==
  64   661   617:==============*=
  66   614   488:===========*==
  68   449   384:========*==
  70   258   301:======*
  72   158   235:==== *
  74   133   183:====*
  76   111   143:===*
  78    73   111:==*
  80    59    86:=*
  82    44    66:=*
  84    42    52:=*
  86    38    40:*
  88    29    31:*          inset = represents 2 library sequences
  90    27    24:*
  92    60    19:*=        :=========*====================
  94    12    14:*         :======*
  96     5    11:*         :===  *
  98     5     9:*         :=== *
 100     7     7:*         :===*
 102     6     5:*         :==*
 104     2     4:*         :=*
 106     6     3:*         :=*=
 108     2     2:*         :*
 110     1     2:*         :*
 112     0     1:*         :*
 114     0     1:*         :*
 116     0     1:*         :*
 118     0     1:*         :*
>120     0     1:*         :*
   696332 residues in 28274 sequences
Statistics: MLE_cen statistics: Lambda= 0.3377;  K=0.1269 (cen=999)
 statistics sampled from 28274 (28274) to 28274 sequences
 Kolmogorov-Smirnov  statistic: 0.0315 (N=29) at  42
Algorithm: Smith-Waterman (SSE2, Michael Farrar 2006) (7.1 Aug 2009)
Parameters: BL80 matrix (11:-6), open/ext: -10/-2
 Scan time:  0.040
!! No sequences with E() < 0.1
 12>>>lcl|ORF5268_ZT-466_1:100751:100710_unnamed_prote - 13 aa
Library: ./database/DRAMP.fa
   696332 residues in 28274 sequences

       opt      E()
< 20     4     0:=
  22     1     0:=          one = represents 49 library sequences
  24     9     0:=
  26    28     1:*
  28    45     6:*
  30   102    39:*==
  32   207   151:===*=
  34   394   408:========*
  36  1287   839:=================*=========
  38  1481  1386:============================*==
  40  1444  1934:==============================         *
  42  2902  2364:================================================*===========
  44  2755  2607:=====================================================*===
  46  2398  2656:=================================================     *
  48  2270  2543:===============================================    *
  50  2403  2320:===============================================*==
  52  1803  2040:=====================================    *
  54  1450  1742:==============================     *
  56  1810  1455:=============================*=======
  58   945  1195:====================    *
  60   877   968:================== *
  62   798   776:===============*=
  64   483   617:==========  *
  66   439   488:=========*
  68   439   384:=======*=
  70   168   301:====  *
  72   214   235:====*
  74   252   183:===*==
  76   387   143:==*=====
  78    96   111:==*
  80   123    86:=*=
  82    77    66:=*
  84    30    52:=*
  86    43    40:*
  88    35    31:*          inset = represents 1 library sequences
  90     9    24:*
  92    18    19:*         :==================*
  94    10    14:*         :==========   *
  96     4    11:*         :====      *
  98    14     9:*         :========*=====
 100    10     7:*         :======*===
 102     3     5:*         :=== *
 104     2     4:*         :== *
 106     0     3:*         :  *
 108     2     2:*         :=*
 110     0     2:*         : *
 112     1     1:*         :*
 114     1     1:*         :*
 116     0     1:*         :*
 118     0     1:*         :*
>120     1     1:*         :*
   696332 residues in 28274 sequences
Statistics: MLE_cen statistics: Lambda= 0.3794;  K=0.1901 (cen=999)
 statistics sampled from 28273 (28274) to 28273 sequences
 Kolmogorov-Smirnov  statistic: 0.0325 (N=29) at  44
Algorithm: Smith-Waterman (SSE2, Michael Farrar 2006) (7.1 Aug 2009)
Parameters: BL80 matrix (11:-6), open/ext: -10/-2
 Scan time:  0.040
!! No sequences with E() < 0.1
 13>>>lcl|ORF5476_ZT-466_1:73694:73644_unnamed_prote - 16 aa
Library: ./database/DRAMP.fa
   696332 residues in 28274 sequences

       opt      E()
< 20     8     0:=
  22     3     0:=          one = represents 54 library sequences
  24    14     0:=
  26    19     1:*
  28    37     6:*
  30   159    39:*==
  32   252   151:==*==
  34   425   408:=======*
  36  1182   839:===============*======
  38  1507  1386:=========================*==
  40  1484  1934:============================       *
  42  2265  2364:========================================== *
  44  3217  2608:================================================*===========
  46  2055  2656:=======================================          *
  48  2351  2543:============================================   *
  50  2166  2320:========================================= *
  52  1356  2040:==========================           *
  54  1593  1742:==============================  *
  56  1336  1455:========================= *
  58  1032  1195:====================  *
  60  1281   968:=================*======
  62   801   776:==============*
  64   508   617:========== *
  66   436   488:=========*
  68   574   384:=======*===
  70   573   301:=====*=====
  72   453   235:====*====
  74   244   183:===*=
  76   172   143:==*=
  78   133   111:==*
  80   157    86:=*=
  82    93    66:=*
  84   137    52:*==
  86    58    40:*=
  88    65    31:*=         inset = represents 1 library sequences
  90    28    24:*
  92    35    19:*         :==================*================
  94    23    14:*         :=============*=========
  96    12    11:*         :==========*=
  98     2     9:*         :==      *
 100    10     7:*         :======*===
 102     7     5:*         :====*==
 104     3     4:*         :===*
 106     3     3:*         :==*
 108     1     2:*         :=*
 110     1     2:*         :=*
 112     1     1:*         :*
 114     2     1:*         :*=
 116     0     1:*         :*
 118     0     1:*         :*
>120     0     1:*         :*
   696332 residues in 28274 sequences
Statistics: MLE_cen statistics: Lambda= 0.3718;  K=0.2017 (cen=999)
 statistics sampled from 28274 (28274) to 28274 sequences
 Kolmogorov-Smirnov  statistic: 0.0437 (N=29) at  58
Algorithm: Smith-Waterman (SSE2, Michael Farrar 2006) (7.1 Aug 2009)
Parameters: BL80 matrix (11:-6), open/ext: -10/-2
 Scan time:  0.040
!! No sequences with E() < 0.1
 14>>>lcl|ORF6181_ZT-466_1:163252:163208_unnamed_prote - 14 aa
Library: ./database/DRAMP.fa
   696332 residues in 28274 sequences

       opt      E()
< 20     7     0:=
  22     8     0:=          one = represents 43 library sequences
  24    15     0:=
  26    28     1:*
  28    39     6:*
  30    96    39:*==
  32   391   151:===*======
  34   725   408:=========*=======
  36   867   839:===================*=
  38  1882  1386:================================*===========
  40  1709  1934:========================================    *
  42  1655  2364:=======================================               *
  44  2140  2608:==================================================         *
  46  2573  2656:===========================================================*
  48  2526  2543:===========================================================*
  50  2102  2320:=================================================    *
  52  2000  2040:===============================================*
  54  1662  1742:======================================= *
  56  1484  1455:=================================*=
  58  1231  1195:===========================*=
  60  1127   968:======================*====
  62   798   776:==================*
  64   734   617:==============*===
  66   625   488:===========*===
  68   373   384:========*
  70   319   301:======*=
  72   420   235:=====*====
  74   234   183:====*=
  76   131   143:===*
  78   108   111:==*
  80    66    86:=*
  82    61    66:=*
  84    49    52:=*
  86    21    40:*
  88    26    31:*          inset = represents 1 library sequences
  90    10    24:*
  92    11    19:*         :===========       *
  94     3    14:*         :===          *
  96     0    11:*         :          *
  98    11     9:*         :========*==
 100     5     7:*         :===== *
 102     0     5:*         :    *
 104     1     4:*         :=  *
 106     1     3:*         := *
 108     0     2:*         : *
 110     0     2:*         : *
 112     0     1:*         :*
 114     0     1:*         :*
 116     0     1:*         :*
 118     0     1:*         :*
>120     0     1:*         :*
   696332 residues in 28274 sequences
Statistics: MLE_cen statistics: Lambda= 0.3530;  K=0.0763 (cen=999)
 statistics sampled from 28274 (28274) to 28274 sequences
 Kolmogorov-Smirnov  statistic: 0.0432 (N=29) at  38
Algorithm: Smith-Waterman (SSE2, Michael Farrar 2006) (7.1 Aug 2009)
Parameters: BL80 matrix (11:-6), open/ext: -10/-2
 Scan time:  0.040
!! No sequences with E() < 0.1
 15>>>lcl|ORF6320_ZT-466_1:145027:144992_unnamed_prote - 11 aa
Library: ./database/DRAMP.fa
   696332 residues in 28274 sequences

       opt      E()
< 20    17     0:=
  22    18     0:=          one = represents 49 library sequences
  24    27     0:=
  26    33     1:*
  28    65     6:*=
  30   191    39:*===
  32   206   151:===*=
  34   759   408:========*=======
  36   520   839:===========      *
  38  1894  1386:============================*==========
  40  1708  1934:===================================    *
  42  2102  2364:===========================================     *
  44  2482  2607:===================================================  *
  46  1896  2656:=======================================               *
  48  2890  2543:===================================================*=======
  50  1887  2320:=======================================        *
  52  2735  2040:=========================================*==============
  54  1333  1742:============================       *
  56  1737  1455:=============================*======
  58   860  1195:==================      *
  60  1022   968:===================*=
  62   944   776:===============*====
  64   575   617:============*
  66   645   488:=========*====
  68   363   384:=======*
  70   373   301:======*=
  72   209   235:====*
  74   297   183:===*===
  76   103   143:==*
  78    85   111:==*
  80    60    86:=*
  82    92    66:=*
  84    36    52:=*
  86    15    40:*
  88    29    31:*          inset = represents 1 library sequences
  90    10    24:*
  92     7    19:*         :=======           *
  94    10    14:*         :==========   *
  96     5    11:*         :=====     *
  98     5     9:*         :=====   *
 100     0     7:*         :      *
 102    11     5:*         :====*======
 104     3     4:*         :===*
 106     1     3:*         := *
 108     2     2:*         :=*
 110     0     2:*         : *
 112     0     1:*         :*
 114     1     1:*         :*
 116     2     1:*         :*=
 118     6     1:*         :*=====
>120     3     1:*         :*==
   696332 residues in 28274 sequences
Statistics: MLE_cen statistics: Lambda= 0.4567;  K= 0.176 (cen=999)
 statistics sampled from 28273 (28274) to 28273 sequences
 Kolmogorov-Smirnov  statistic: 0.0312 (N=29) at  38
Algorithm: Smith-Waterman (SSE2, Michael Farrar 2006) (7.1 Aug 2009)
Parameters: BL80 matrix (11:-6), open/ext: -10/-2
 Scan time:  0.040
!! No sequences with E() < 0.1
 16>>>lcl|ORF6600_ZT-466_1:112708:112670_unnamed_prote - 12 aa
Library: ./database/DRAMP.fa
   696332 residues in 28274 sequences

       opt      E()
< 20     5     0:=
  22     3     0:=          one = represents 45 library sequences
  24     6     0:=
  26    26     1:*
  28    52     6:*=
  30   148    39:*===
  32   347   151:===*====
  34   589   408:=========*====
  36  1017   839:==================*====
  38  1376  1386:==============================*
  40  2291  1934:==========================================*========
  42  1900  2364:===========================================         *
  44  2095  2608:===============================================          *
  46  2009  2656:=============================================              *
  48  2157  2543:================================================        *
  50  2228  2320:================================================== *
  52  2673  2040:=============================================*==============
  54  1481  1742:=================================     *
  56  2023  1455:================================*============
  58  1199  1195:==========================*
  60  1128   968:=====================*====
  62   712   776:================ *
  64   523   617:============ *
  66   571   488:==========*==
  68   352   384:========*
  70   327   301:======*=
  72   295   235:=====*=
  74   256   183:====*=
  76   138   143:===*
  78    81   111:==*
  80    59    86:=*
  82    44    66:=*
  84    45    52:=*
  86    21    40:*
  88    15    31:*          inset = represents 1 library sequences
  90    16    24:*
  92    12    19:*         :============      *
  94     7    14:*         :=======      *
  96     6    11:*         :======    *
  98     0     9:*         :        *
 100     6     7:*         :======*
 102     4     5:*         :====*
 104     3     4:*         :===*
 106     2     3:*         :==*
 108     8     2:*         :=*======
 110    11     2:*         :=*=========
 112     7     1:*         :*======
 114     0     1:*         :*
 116     0     1:*         :*
 118     0     1:*         :*
>120     0     1:*         :*
   696332 residues in 28274 sequences
Statistics: MLE_cen statistics: Lambda= 0.3424;  K=0.1579 (cen=999)
 statistics sampled from 28274 (28274) to 28274 sequences
 Kolmogorov-Smirnov  statistic: 0.0386 (N=29) at  40
Algorithm: Smith-Waterman (SSE2, Michael Farrar 2006) (7.1 Aug 2009)
Parameters: BL80 matrix (11:-6), open/ext: -10/-2
 Scan time:  0.040
!! No sequences with E() < 0.1
 17>>>lcl|ORF6610_ZT-466_1:111589:111554_unnamed_prote - 11 aa
Library: ./database/DRAMP.fa
   696332 residues in 28274 sequences

       opt      E()
< 20    13     0:=
  22    11     0:=          one = represents 53 library sequences
  24    18     0:=
  26    28     1:*
  28    80     6:*=
  30   191    39:*===
  32   312   151:==*===
  34   449   408:=======*=
  36   502   839:==========     *
  38  2019  1386:==========================*============
  40  1950  1934:====================================*
  42  2098  2364:========================================    *
  44  2632  2608:=================================================*
  46  2714  2656:==================================================*=
  48  2054  2543:=======================================        *
  50  3149  2320:===========================================*================
  52  1677  2040:================================      *
  54  1292  1742:=========================       *
  56  1632  1455:===========================*===
  58  1260  1195:======================*=
  60   762   968:===============   *
  62   929   776:==============*===
  64   559   617:===========*
  66   351   488:=======  *
  68   344   384:=======*
  70   226   301:=====*
  72   205   235:====*
  74   150   183:===*
  76   111   143:==*
  78    63   111:==*
  80   167    86:=*==
  82   139    66:=*=
  84    86    52:*=
  86    35    40:*
  88    14    31:*          inset = represents 1 library sequences
  90    10    24:*
  92     5    19:*         :=====             *
  94     7    14:*         :=======      *
  96     8    11:*         :========  *
  98     2     9:*         :==      *
 100     4     7:*         :====  *
 102     5     5:*         :====*
 104     3     4:*         :===*
 106     0     3:*         :  *
 108     1     2:*         :=*
 110     0     2:*         : *
 112     2     1:*         :*=
 114     5     1:*         :*====
 116     0     1:*         :*
 118     0     1:*         :*
>120     0     1:*         :*
   696332 residues in 28274 sequences
Statistics: MLE_cen statistics: Lambda= 0.3863;  K=0.1764 (cen=999)
 statistics sampled from 28274 (28274) to 28274 sequences
 Kolmogorov-Smirnov  statistic: 0.0337 (N=29) at  50
Algorithm: Smith-Waterman (SSE2, Michael Farrar 2006) (7.1 Aug 2009)
Parameters: BL80 matrix (11:-6), open/ext: -10/-2
 Scan time:  0.040
!! No sequences with E() < 0.1
 18>>>lcl|ORF6840_ZT-466_1:82669:82619_unnamed_prote - 16 aa
Library: ./database/DRAMP.fa
   696332 residues in 28274 sequences

       opt      E()
< 20     9     0:=
  22     3     0:=          one = represents 49 library sequences
  24    10     0:=
  26    24     1:*
  28    41     6:*
  30    77    39:*=
  32   134   151:===*
  34   645   408:========*=====
  36   997   839:=================*===
  38  1162  1386:========================    *
  40  2764  1934:=======================================*=================
  42  2067  2364:===========================================     *
  44  1819  2608:======================================               *
  46  2786  2656:======================================================*==
  48  2926  2543:===================================================*========
  50  1843  2320:======================================         *
  52  2172  2040:=========================================*===
  54  1826  1742:===================================*==
  56  1371  1455:============================ *
  58   985  1195:=====================   *
  60   952   968:===================*
  62   664   776:============== *
  64   531   617:=========== *
  66   505   488:=========*=
  68   345   384:=======*
  70   339   301:======*
  72   351   235:====*===
  74   167   183:===*
  76   109   143:==*
  78   270   111:==*===
  80    69    86:=*
  82    61    66:=*
  84   127    52:=*=
  86    35    40:*
  88    23    31:*          inset = represents 1 library sequences
  90    21    24:*
  92    12    19:*         :============      *
  94     6    14:*         :======       *
  96     9    11:*         :========= *
  98     7     9:*         :======= *
 100     3     7:*         :===   *
 102     6     5:*         :====*=
 104     1     4:*         :=  *
 106     0     3:*         :  *
 108     0     2:*         : *
 110     0     2:*         : *
 112     0     1:*         :*
 114     0     1:*         :*
 116     0     1:*         :*
 118     0     1:*         :*
>120     0     1:*         :*
   696332 residues in 28274 sequences
Statistics: MLE_cen statistics: Lambda= 0.3720;  K=0.1247 (cen=999)
 statistics sampled from 28274 (28274) to 28274 sequences
 Kolmogorov-Smirnov  statistic: 0.0387 (N=29) at  40
Algorithm: Smith-Waterman (SSE2, Michael Farrar 2006) (7.1 Aug 2009)
Parameters: BL80 matrix (11:-6), open/ext: -10/-2
 Scan time:  0.040
!! No sequences with E() < 0.1
 19>>>lcl|ORF7335_ZT-466_1:27883:27842_unnamed_prote - 13 aa
Library: ./database/DRAMP.fa
   696332 residues in 28274 sequences

       opt      E()
< 20    23     0:=
  22    15     0:=          one = represents 47 library sequences
  24    21     0:=
  26    57     1:*=
  28   124     6:*==
  30   160    39:*===
  32   279   151:===*==
  34   523   408:========*===
  36   737   839:================ *
  38  1132  1386:=========================    *
  40  2063  1934:=========================================*==
  42  1953  2364:==========================================        *
  44  2815  2608:=======================================================*====
  46  2287  2656:=================================================       *
  48  2714  2543:======================================================*===
  50  2368  2320:=================================================*=
  52  1812  2040:=======================================    *
  54  2135  1742:=====================================*========
  56  1623  1455:==============================*====
  58  1118  1195:======================== *
  60   867   968:=================== *
  62   832   776:================*=
  64   497   617:===========  *
  66   530   488:==========*=
  68   369   384:========*
  70   255   301:======*
  72   318   235:====*==
  74   141   183:===*
  76   100   143:===*
  78    88   111:==*
  80    85    86:=*
  82    53    66:=*
  84    30    52:=*
  86    37    40:*
  88    18    31:*          inset = represents 1 library sequences
  90    23    24:*
  92    27    19:*         :==================*========
  94    25    14:*         :=============*===========
  96    12    11:*         :==========*=
  98     4     9:*         :====    *
 100     2     7:*         :==    *
 102     0     5:*         :    *
 104     1     4:*         :=  *
 106     1     3:*         := *
 108     0     2:*         : *
 110     0     2:*         : *
 112     0     1:*         :*
 114     0     1:*         :*
 116     0     1:*         :*
 118     0     1:*         :*
>120     0     1:*         :*
   696332 residues in 28274 sequences
Statistics: MLE_cen statistics: Lambda= 0.3846;  K=0.1409 (cen=999)
 statistics sampled from 28274 (28274) to 28274 sequences
 Kolmogorov-Smirnov  statistic: 0.0203 (N=29) at  34
Algorithm: Smith-Waterman (SSE2, Michael Farrar 2006) (7.1 Aug 2009)
Parameters: BL80 matrix (11:-6), open/ext: -10/-2
 Scan time:  0.040
!! No sequences with E() < 0.1
 20>>>lcl|ORF7424_ZT-466_1:18361:18323_unnamed_prote - 12 aa
Library: ./database/DRAMP.fa
   696332 residues in 28274 sequences

       opt      E()
< 20    11     0:=
  22     4     0:=          one = represents 42 library sequences
  24     9     0:=
  26    15     1:*
  28    30     6:*
  30    80    39:*=
  32   197   151:===*=
  34   693   408:=========*=======
  36  1458   839:===================*===============
  38  1400  1386:================================*=
  40  1995  1934:==============================================*=
  42  1968  2364:===============================================         *
  44  2174  2608:====================================================       *
  46  2518  2656:===========================================================*
  48  1929  2543:==============================================             *
  50  2268  2320:====================================================== *
  52  2313  2040:================================================*=======
  54  1623  1742:=======================================  *
  56  1665  1455:==================================*=====
  58  1258  1195:============================*=
  60  1070   968:=======================*==
  62   808   776:==================*=
  64   527   617:============= *
  66   691   488:===========*=====
  68   350   384:=========*
  70   165   301:====   *
  72   270   235:=====*=
  74   144   183:====*
  76   134   143:===*
  78   109   111:==*
  80    79    86:==*
  82    91    66:=*=
  84    57    52:=*
  86    28    40:*
  88    26    31:*          inset = represents 1 library sequences
  90    13    24:*
  92    16    19:*         :================  *
  94    26    14:*         :=============*============
  96     7    11:*         :=======   *
  98    16     9:*         :========*=======
 100    11     7:*         :======*====
 102     5     5:*         :====*
 104     4     4:*         :===*
 106     5     3:*         :==*==
 108     3     2:*         :=*=
 110     7     2:*         :=*=====
 112     2     1:*         :*=
 114     2     1:*         :*=
 116     0     1:*         :*
 118     0     1:*         :*
>120     0     1:*         :*
   696332 residues in 28274 sequences
Statistics: MLE_cen statistics: Lambda= 0.4133;  K=0.2203 (cen=999)
 statistics sampled from 28274 (28274) to 28274 sequences
 Kolmogorov-Smirnov  statistic: 0.0395 (N=29) at  40
Algorithm: Smith-Waterman (SSE2, Michael Farrar 2006) (7.1 Aug 2009)
Parameters: BL80 matrix (11:-6), open/ext: -10/-2
 Scan time:  0.040
!! No sequences with E() < 0.1
 21>>>lcl|ORF7494_ZT-466_1:11050:11009_unnamed_prote - 13 aa
Library: ./database/DRAMP.fa
   696332 residues in 28274 sequences

       opt      E()
< 20    20     0:=
  22     6     0:=          one = represents 42 library sequences
  24    10     0:=
  26    19     1:*
  28    66     6:*=
  30   132    39:*===
  32   294   151:===*===
  34   818   408:=========*==========
  36  1042   839:===================*=====
  38  1163  1386:============================    *
  40  2121  1934:==============================================*====
  42  1948  2364:===============================================         *
  44  2217  2608:=====================================================      *
  46  2023  2656:=================================================          *
  48  2493  2543:===========================================================*
  50  2238  2320:====================================================== *
  52  1989  2040:================================================*
  54  1613  1742:=======================================  *
  56  1678  1455:==================================*=====
  58   956  1195:=======================     *
  60   850   968:=====================  *
  62   566   776:==============    *
  64   667   617:==============*=
  66   479   488:===========*
  68   514   384:=========*===
  70   695   301:=======*=========
  72   493   235:=====*======
  74   256   183:====*==
  76   168   143:===*
  78   172   111:==*==
  80   155    86:==*=
  82   151    66:=*==
  84    74    52:=*
  86    48    40:*=
  88    49    31:*=         inset = represents 1 library sequences
  90    23    24:*
  92    11    19:*         :===========       *
  94    24    14:*         :=============*==========
  96    21    11:*         :==========*==========
  98     6     9:*         :======  *
 100     1     7:*         :=     *
 102     1     5:*         :=   *
 104     2     4:*         :== *
 106     2     3:*         :==*
 108     0     2:*         : *
 110     0     2:*         : *
 112     0     1:*         :*
 114     0     1:*         :*
 116     0     1:*         :*
 118     0     1:*         :*
>120     0     1:*         :*
   696332 residues in 28274 sequences
Statistics: MLE_cen statistics: Lambda= 0.3405;  K=0.1199 (cen=999)
 statistics sampled from 28274 (28274) to 28274 sequences
 Kolmogorov-Smirnov  statistic: 0.0421 (N=29) at  62
Algorithm: Smith-Waterman (SSE2, Michael Farrar 2006) (7.1 Aug 2009)
Parameters: BL80 matrix (11:-6), open/ext: -10/-2
 Scan time:  0.060
!! No sequences with E() < 0.1
 22>>>lcl|ORF7618_ZT-466_1:165120:165073_unnamed_prote - 15 aa
Library: ./database/DRAMP.fa
   696332 residues in 28274 sequences

       opt      E()
< 20    10     0:=
  22     4     0:=          one = represents 45 library sequences
  24    11     0:=
  26    28     1:*
  28    52     6:*=
  30   176    39:*===
  32   183   151:===*=
  34   685   408:=========*======
  36  1088   839:==================*======
  38  1049  1386:========================      *
  40  2105  1934:==========================================*====
  42  2347  2364:====================================================*
  44  1847  2608:==========================================               *
  46  2587  2656:========================================================== *
  48  1992  2543:=============================================           *
  50  2641  2320:===================================================*=======
  52  2145  2040:=============================================*==
  54  1498  1742:==================================    *
  56  2090  1455:================================*==============
  58   975  1195:======================    *
  60   695   968:================     *
  62  1416   776:=================*==============
  64   645   617:=============*=
  66   435   488:==========*
  68   495   384:========*==
  70   236   301:======*
  72   224   235:=====*
  74   185   183:====*
  76   109   143:===*
  78    97   111:==*
  80    55    86:=*
  82    40    66:=*
  84    46    52:=*
  86    25    40:*
  88    15    31:*          inset = represents 1 library sequences
  90    11    24:*
  92     4    19:*         :====              *
  94    12    14:*         :============ *
  96     8    11:*         :========  *
  98     3     9:*         :===     *
 100     4     7:*         :====  *
 102     1     5:*         :=   *
 104     0     4:*         :   *
 106     0     3:*         :  *
 108     0     2:*         : *
 110     0     2:*         : *
 112     0     1:*         :*
 114     0     1:*         :*
 116     0     1:*         :*
 118     0     1:*         :*
>120     0     1:*         :*
   696332 residues in 28274 sequences
Statistics: MLE_cen statistics: Lambda= 0.4004;  K=0.1604 (cen=999)
 statistics sampled from 28274 (28274) to 28274 sequences
 Kolmogorov-Smirnov  statistic: 0.0277 (N=29) at  36
Algorithm: Smith-Waterman (SSE2, Michael Farrar 2006) (7.1 Aug 2009)
Parameters: BL80 matrix (11:-6), open/ext: -10/-2
 Scan time:  0.050
!! No sequences with E() < 0.1
 23>>>lcl|ORF7641_ZT-466_1:161928:161863_unnamed_prote - 21 aa
Library: ./database/DRAMP.fa
   696332 residues in 28274 sequences

       opt      E()
< 20  4702     0:============================================================
  22    14     0:=          one = represents 79 library sequences
  24    16     0:=
  26    28     1:*
  28    44     6:*
  30    92    39:*=
  32    98   151:=*
  34   498   408:=====*=
  36   554   839:========  *
  38  1084  1386:==============   *
  40  1571  1934:====================    *
  42  1434  2364:===================          *
  44  2910  2607:================================*====
  46  2799  2656:=================================*==
  48  1910  2543:=========================       *
  50  1764  2320:=======================      *
  52   924  2040:============             *
  54  1644  1742:===================== *
  56  1192  1455:================  *
  58   913  1195:============   *
  60   903   968:============*
  62   502   776:=======  *
  64   838   617:=======*===
  66   609   488:======*=
  68   180   384:=== *
  70   306   301:===*
  72   146   235:==*
  74   134   183:==*
  76   163   143:=*=
  78    49   111:=*
  80    86    86:=*
  82    27    66:*
  84    30    52:*
  86    31    40:*
  88    12    31:*          inset = represents 1 library sequences
  90    19    24:*
  92    12    19:*         :============      *
  94     5    14:*         :=====        *
  96     8    11:*         :========  *
  98     4     9:*         :====    *
 100     5     7:*         :===== *
 102     5     5:*         :====*
 104     0     4:*         :   *
 106     1     3:*         := *
 108     2     2:*         :=*
 110     0     2:*         : *
 112     2     1:*         :*=
 114     0     1:*         :*
 116     1     1:*         :*
 118     1     1:*         :*
>120     2     1:*         :*=
   696332 residues in 28274 sequences
Statistics:  Expectation_n fit: rho(ln(x))= 1.9388+/-0.000368; mu= 6.9670+/- 0.012
 mean_var=9.2972+/- 3.224, 0's: 4698 Z-trim: 4700  B-trim: 0 in 0/24
 Lambda= 0.420628
 statistics sampled from 28272 (28274) to 28272 sequences
 Kolmogorov-Smirnov  statistic: 0.1977 (N=29) at  88
Algorithm: Smith-Waterman (SSE2, Michael Farrar 2006) (7.1 Aug 2009)
Parameters: BL80 matrix (11:-6), open/ext: -10/-2
 Scan time:  0.030
!! No sequences with E() < 0.1
 24>>>lcl|ORF8107_ZT-466_1:99942:99892_unnamed_prote - 16 aa
Library: ./database/DRAMP.fa
   696332 residues in 28274 sequences

       opt      E()
< 20     6     0:=
  22     5     0:=          one = represents 46 library sequences
  24    16     0:=
  26    13     1:*
  28    34     6:*
  30   110    39:*==
  32   220   151:===*=
  34   551   408:========*===
  36   782   839:================= *
  38  1423  1386:==============================*
  40  2238  1934:==========================================*======
  42  2705  2364:===================================================*=======
  44  2450  2607:======================================================  *
  46  2252  2656:=================================================        *
  48  2227  2543:=================================================      *
  50  2276  2320:==================================================*
  52  2076  2040:============================================*=
  54  1631  1742:==================================== *
  56  1226  1455:===========================    *
  58  1633  1195:=========================*==========
  60   950   968:=====================*
  62   867   776:================*==
  64   772   617:=============*===
  66   345   488:========  *
  68   302   384:======= *
  70   232   301:======*
  72   165   235:==== *
  74   148   183:===*
  76   165   143:===*
  78    76   111:==*
  80    75    86:=*
  82    87    66:=*
  84    41    52:=*
  86    32    40:*
  88    22    31:*          inset = represents 1 library sequences
  90    28    24:*
  92    10    19:*         :==========        *
  94    18    14:*         :=============*====
  96    16    11:*         :==========*=====
  98     6     9:*         :======  *
 100     8     7:*         :======*=
 102    10     5:*         :====*=====
 104    11     4:*         :===*=======
 106     3     3:*         :==*
 108     1     2:*         :=*
 110     8     2:*         :=*======
 112     0     1:*         :*
 114     0     1:*         :*
 116     0     1:*         :*
 118     0     1:*         :*
>120     2     1:*         :*=
   696332 residues in 28274 sequences
Statistics: MLE_cen statistics: Lambda= 0.3353;  K=0.1333 (cen=999)
 statistics sampled from 28272 (28274) to 28272 sequences
 Kolmogorov-Smirnov  statistic: 0.0343 (N=29) at  42
Algorithm: Smith-Waterman (SSE2, Michael Farrar 2006) (7.1 Aug 2009)
Parameters: BL80 matrix (11:-6), open/ext: -10/-2
 Scan time:  0.050
!! No sequences with E() < 0.1
 25>>>lcl|ORF24_ZT-462_1:1914:1964_unnamed_prote - 16 aa
Library: ./database/DRAMP.fa
   696332 residues in 28274 sequences

       opt      E()
< 20    13     0:=
  22     6     0:=          one = represents 46 library sequences
  24    17     0:=
  26    32     1:*
  28    74     6:*=
  30   111    39:*==
  32   316   151:===*===
  34   754   408:========*========
  36   787   839:==================*
  38  1563  1386:==============================*===
  40  1692  1934:=====================================     *
  42  1821  2364:========================================           *
  44  2743  2608:========================================================*===
  46  2453  2656:======================================================   *
  48  2047  2543:=============================================          *
  50  2063  2320:=============================================     *
  52  2025  2040:============================================*
  54  1719  1742:=====================================*
  56  1281  1455:============================   *
  58  1674  1195:=========================*===========
  60   980   968:=====================*
  62   913   776:================*===
  64   715   617:=============*==
  66   496   488:==========*
  68   405   384:========*
  70   343   301:======*=
  72   279   235:=====*=
  74   178   183:===*
  76   204   143:===*=
  78   155   111:==*=
  80    91    86:=*
  82    97    66:=*=
  84    61    52:=*
  86    37    40:*
  88    26    31:*          inset = represents 1 library sequences
  90    26    24:*
  92    17    19:*         :================= *
  94    11    14:*         :===========  *
  96    10    11:*         :==========*
  98     9     9:*         :========*
 100     3     7:*         :===   *
 102     3     5:*         :=== *
 104     7     4:*         :===*===
 106     8     3:*         :==*=====
 108     1     2:*         :=*
 110     3     2:*         :=*=
 112     2     1:*         :*=
 114     0     1:*         :*
 116     0     1:*         :*
 118     0     1:*         :*
>120     3     1:*         :*==
   696332 residues in 28274 sequences
Statistics: MLE_cen statistics: Lambda= 0.3603;  K= 0.138 (cen=999)
 statistics sampled from 28274 (28274) to 28274 sequences
 Kolmogorov-Smirnov  statistic: 0.0350 (N=29) at  56
Algorithm: Smith-Waterman (SSE2, Michael Farrar 2006) (7.1 Aug 2009)
Parameters: BL80 matrix (11:-6), open/ext: -10/-2
 Scan time:  0.050
!! No sequences with E() < 0.1
 26>>>lcl|ORF189_ZT-462_1:21207:21242_unnamed_prote - 11 aa
Library: ./database/DRAMP.fa
   696332 residues in 28274 sequences

       opt      E()
< 20     5     0:=
  22     7     0:=          one = represents 43 library sequences
  24     7     0:=
  26    22     1:*
  28    59     6:*=
  30   174    39:*====
  32   369   151:===*=====
  34   755   408:=========*========
  36   898   839:===================*=
  38  1403  1386:================================*
  40  1715  1934:========================================    *
  42  1770  2364:==========================================            *
  44  2578  2608:===========================================================*
  46  1970  2656:==============================================             *
  48  2293  2543:======================================================     *
  50  1859  2320:============================================         *
  52  1519  2040:====================================           *
  54  2081  1742:========================================*========
  56  1814  1455:=================================*=========
  58  1727  1195:===========================*=============
  60  1567   968:======================*==============
  62   928   776:==================*===
  64   900   617:==============*======
  66   365   488:=========  *
  68   361   384:========*
  70   252   301:======*
  72   277   235:=====*=
  74   139   183:====*
  76   157   143:===*
  78    73   111:==*
  80    52    86:=*
  82    48    66:=*
  84    28    52:=*
  86    22    40:*
  88    22    31:*          inset = represents 1 library sequences
  90    22    24:*
  92    12    19:*         :============      *
  94     4    14:*         :====         *
  96     5    11:*         :=====     *
  98     9     9:*         :========*
 100     1     7:*         :=     *
 102     1     5:*         :=   *
 104     0     4:*         :   *
 106     2     3:*         :==*
 108     0     2:*         : *
 110     1     2:*         :=*
 112     1     1:*         :*
 114     0     1:*         :*
 116     0     1:*         :*
 118     0     1:*         :*
>120     0     1:*         :*
   696332 residues in 28274 sequences
Statistics: MLE_cen statistics: Lambda= 0.3296;  K=0.08062 (cen=999)
 statistics sampled from 28274 (28274) to 28274 sequences
 Kolmogorov-Smirnov  statistic: 0.0671 (N=29) at  52
Algorithm: Smith-Waterman (SSE2, Michael Farrar 2006) (7.1 Aug 2009)
Parameters: BL80 matrix (11:-6), open/ext: -10/-2
 Scan time:  0.040
!! No sequences with E() < 0.1
 27>>>lcl|ORF1009_ZT-462_1:120783:120827_unnamed_prote - 14 aa
Library: ./database/DRAMP.fa
   696332 residues in 28274 sequences

       opt      E()
< 20    10     0:=
  22    29     0:=          one = represents 49 library sequences
  24    29     0:=
  26    53     1:*=
  28    99     6:*==
  30   165    39:*===
  32   354   151:===*====
  34   573   408:========*===
  36   854   839:=================*
  38  1543  1386:============================*===
  40  1693  1934:===================================    *
  42  1933  2364:========================================        *
  44  2252  2607:==============================================       *
  46  2039  2656:==========================================            *
  48  2924  2543:===================================================*========
  50  2424  2320:===============================================*==
  52  1432  2040:==============================           *
  54  1380  1742:=============================      *
  56  2178  1455:=============================*===============
  58  1401  1195:========================*====
  60   932   968:===================*
  62   889   776:===============*===
  64   544   617:============*
  66   666   488:=========*====
  68   475   384:=======*==
  70   277   301:======*
  72   155   235:====*
  74   251   183:===*==
  76   195   143:==*=
  78    94   111:==*
  80   132    86:=*=
  82    89    66:=*
  84    30    52:=*
  86    51    40:*=
  88    41    31:*          inset = represents 1 library sequences
  90    28    24:*
  92    14    19:*         :==============    *
  94    18    14:*         :=============*====
  96     3    11:*         :===       *
  98     6     9:*         :======  *
 100     8     7:*         :======*=
 102     3     5:*         :=== *
 104     2     4:*         :== *
 106     3     3:*         :==*
 108     2     2:*         :=*
 110     0     2:*         : *
 112     0     1:*         :*
 114     0     1:*         :*
 116     0     1:*         :*
 118     0     1:*         :*
>120     1     1:*         :*
   696332 residues in 28274 sequences
Statistics: MLE_cen statistics: Lambda= 0.3775;  K=0.1741 (cen=999)
 statistics sampled from 28273 (28274) to 28273 sequences
 Kolmogorov-Smirnov  statistic: 0.0446 (N=29) at  54
Algorithm: Smith-Waterman (SSE2, Michael Farrar 2006) (7.1 Aug 2009)
Parameters: BL80 matrix (11:-6), open/ext: -10/-2
 Scan time:  0.040
!! No sequences with E() < 0.1
 28>>>lcl|ORF1567_ZT-462_1:12538:12594_unnamed_prote - 18 aa
Library: ./database/DRAMP.fa
   696332 residues in 28274 sequences

       opt      E()
< 20     0     0:
  22     1     0:=          one = represents 52 library sequences
  24     4     0:=
  26     6     1:*
  28    36     6:*
  30   117    39:*==
  32   315   151:==*====
  34   400   408:=======*
  36  1071   839:================*====
  38  1244  1386:========================  *
  40  2184  1934:=====================================*====
  42  2085  2364:=========================================    *
  44  3065  2607:==================================================*========
  46  2519  2656:=================================================  *
  48  2281  2543:============================================    *
  50  2177  2320:==========================================  *
  52  1860  2040:====================================   *
  54  1789  1742:=================================*=
  56  1265  1455:=========================  *
  58  1077  1195:===================== *
  60   809   968:================  *
  62   602   776:============  *
  64   530   617:===========*
  66   534   488:=========*=
  68   439   384:=======*=
  70   419   301:=====*===
  72   221   235:====*
  74   177   183:===*
  76   181   143:==*=
  78   153   111:==*
  80   101    86:=*
  82    69    66:=*
  84   326    52:*======
  86    74    40:*=
  88    50    31:*          inset = represents 1 library sequences
  90    17    24:*
  92    16    19:*         :================  *
  94    20    14:*         :=============*======
  96     7    11:*         :=======   *
  98     6     9:*         :======  *
 100     3     7:*         :===   *
 102     4     5:*         :====*
 104     8     4:*         :===*====
 106     1     3:*         := *
 108     7     2:*         :=*=====
 110     2     2:*         :=*
 112     0     1:*         :*
 114     1     1:*         :*
 116     0     1:*         :*
 118     0     1:*         :*
>120     1     1:*         :*
   696332 residues in 28274 sequences
Statistics: MLE_cen statistics: Lambda= 0.2986;  K=0.08255 (cen=999)
 statistics sampled from 28273 (28274) to 28273 sequences
 Kolmogorov-Smirnov  statistic: 0.0280 (N=29) at  44
Algorithm: Smith-Waterman (SSE2, Michael Farrar 2006) (7.1 Aug 2009)
Parameters: BL80 matrix (11:-6), open/ext: -10/-2
 Scan time:  0.040
!! No sequences with E() < 0.1
 29>>>lcl|ORF2264_ZT-462_1:87820:87864_unnamed_prote - 14 aa
Library: ./database/DRAMP.fa
   696332 residues in 28274 sequences

       opt      E()
< 20     8     0:=
  22     5     0:=          one = represents 44 library sequences
  24    12     0:=
  26    18     1:*
  28    32     6:*
  30    96    39:*==
  32   291   151:===*===
  34   552   408:=========*===
  36   910   839:===================*=
  38  1780  1386:===============================*=========
  40  1668  1934:======================================     *
  42  2224  2364:===================================================  *
  44  2484  2608:=========================================================  *
  46  2614  2656:===========================================================*
  48  1994  2543:==============================================           *
  50  2329  2320:====================================================*
  52  2055  2040:==============================================*
  54  1538  1742:===================================    *
  56  1464  1455:=================================*
  58  1413  1195:===========================*=====
  60   809   968:===================  *
  62  1055   776:=================*======
  64   649   617:==============*
  66   527   488:===========*
  68   321   384:========*
  70   366   301:======*==
  72   367   235:=====*===
  74   230   183:====*=
  76   118   143:===*
  78    91   111:==*
  80    63    86:=*
  82    62    66:=*
  84    35    52:=*
  86    24    40:*
  88    15    31:*          inset = represents 1 library sequences
  90    20    24:*
  92    10    19:*         :==========        *
  94     7    14:*         :=======      *
  96     8    11:*         :========  *
  98     4     9:*         :====    *
 100     2     7:*         :==    *
 102     0     5:*         :    *
 104     0     4:*         :   *
 106     3     3:*         :==*
 108     1     2:*         :=*
 110     0     2:*         : *
 112     0     1:*         :*
 114     0     1:*         :*
 116     0     1:*         :*
 118     0     1:*         :*
>120     0     1:*         :*
   696332 residues in 28274 sequences
Statistics: MLE_cen statistics: Lambda= 0.3617;  K=0.1528 (cen=999)
 statistics sampled from 28274 (28274) to 28274 sequences
 Kolmogorov-Smirnov  statistic: 0.0306 (N=29) at  38
Algorithm: Smith-Waterman (SSE2, Michael Farrar 2006) (7.1 Aug 2009)
Parameters: BL80 matrix (11:-6), open/ext: -10/-2
 Scan time:  0.040
!! No sequences with E() < 0.1
 30>>>lcl|ORF3115_ZT-462_1:2699:2749_unnamed_prote - 16 aa
Library: ./database/DRAMP.fa
   696332 residues in 28274 sequences

       opt      E()
< 20     6     0:=
  22     4     0:=          one = represents 45 library sequences
  24    11     0:=
  26    16     1:*
  28    56     6:*=
  30    85    39:*=
  32   488   151:===*=======
  34   763   408:=========*=======
  36   759   839:================= *
  38  1379  1386:==============================*
  40  1790  1934:========================================  *
  42  2009  2364:=============================================       *
  44  2076  2608:===============================================          *
  46  2646  2656:===========================================================*
  48  1884  2543:==========================================              *
  50  2105  2320:===============================================    *
  52  2630  2040:=============================================*=============
  54  1797  1742:======================================*=
  56  1423  1455:================================*
  58  1273  1195:==========================*==
  60   995   968:=====================*=
  62  1178   776:=================*=========
  64   676   617:=============*==
  66   496   488:==========*=
  68   456   384:========*==
  70   447   301:======*===
  72   235   235:=====*
  74   130   183:=== *
  76   116   143:===*
  78    95   111:==*
  80    69    86:=*
  82    48    66:=*
  84    39    52:=*
  86    18    40:*
  88    29    31:*          inset = represents 1 library sequences
  90     8    24:*
  92     5    19:*         :=====             *
  94     6    14:*         :======       *
  96    12    11:*         :==========*=
  98     4     9:*         :====    *
 100     3     7:*         :===   *
 102     6     5:*         :====*=
 104     1     4:*         :=  *
 106     0     3:*         :  *
 108     0     2:*         : *
 110     1     2:*         :=*
 112     1     1:*         :*
 114     0     1:*         :*
 116     0     1:*         :*
 118     0     1:*         :*
>120     0     1:*         :*
   696332 residues in 28274 sequences
Statistics: MLE_cen statistics: Lambda= 0.3763;  K=0.1664 (cen=999)
 statistics sampled from 28274 (28274) to 28274 sequences
 Kolmogorov-Smirnov  statistic: 0.0419 (N=29) at  50
Algorithm: Smith-Waterman (SSE2, Michael Farrar 2006) (7.1 Aug 2009)
Parameters: BL80 matrix (11:-6), open/ext: -10/-2
 Scan time:  0.040
!! No sequences with E() < 0.1
 31>>>lcl|ORF3190_ZT-462_1:11042:11107_unnamed_prote - 21 aa
Library: ./database/DRAMP.fa
   696332 residues in 28274 sequences

       opt      E()
< 20  4706     0:============================================================
  22     2     0:=          one = represents 79 library sequences
  24     8     0:=
  26    11     1:*
  28    53     6:*
  30   147    39:*=
  32   179   151:=*=
  34   587   408:=====*==
  36   416   839:======    *
  38   996  1386:=============    *
  40  1587  1934:=====================   *
  42  1391  2364:==================           *
  44  3349  2607:================================*==========
  46  2134  2656:============================     *
  48  1865  2543:========================        *
  50  1894  2320:========================     *
  52  1163  2040:===============          *
  54  1627  1742:===================== *
  56  1341  1455:================= *
  58   826  1195:===========    *
  60   992   968:============*
  62   545   776:=======  *
  64   424   617:====== *
  66   490   488:======*
  68   319   384:====*
  70   412   301:===*==
  72   206   235:==*
  74   168   183:==*
  76   178   143:=*=
  78    51   111:=*
  80    55    86:=*
  82    39    66:*
  84    22    52:*
  86    21    40:*
  88     9    31:*          inset = represents 1 library sequences
  90    18    24:*
  92    16    19:*         :================  *
  94     1    14:*         :=            *
  96     7    11:*         :=======   *
  98     5     9:*         :=====   *
 100     4     7:*         :====  *
 102     4     5:*         :====*
 104     0     4:*         :   *
 106     4     3:*         :==*=
 108     1     2:*         :=*
 110     0     2:*         : *
 112     0     1:*         :*
 114     0     1:*         :*
 116     0     1:*         :*
 118     0     1:*         :*
>120     1     1:*         :*
   696332 residues in 28274 sequences
Statistics:  Expectation_n fit: rho(ln(x))= 1.8475+/-0.000368; mu= 7.2280+/- 0.012
 mean_var=9.5113+/- 3.130, 0's: 4698 Z-trim: 4705  B-trim: 0 in 0/24
 Lambda= 0.415867
 statistics sampled from 28273 (28274) to 28273 sequences
 Kolmogorov-Smirnov  statistic: 0.1977 (N=29) at  88
Algorithm: Smith-Waterman (SSE2, Michael Farrar 2006) (7.1 Aug 2009)
Parameters: BL80 matrix (11:-6), open/ext: -10/-2
 Scan time:  0.030
!! No sequences with E() < 0.1
 32>>>lcl|ORF3268_ZT-462_1:25184:25225_unnamed_prote - 13 aa
Library: ./database/DRAMP.fa
   696332 residues in 28274 sequences

       opt      E()
< 20    11     0:=
  22    11     0:=          one = represents 42 library sequences
  24    21     0:=
  26    68     1:*=
  28    89     6:*==
  30   177    39:*====
  32   281   151:===*===
  34   631   408:=========*======
  36   965   839:===================*===
  38  1838  1386:================================*===========
  40  1746  1934:==========================================    *
  42  1824  2364:============================================            *
  44  1818  2608:============================================               *
  46  2032  2656:=================================================          *
  48  2365  2543:=========================================================  *
  50  1919  2320:==============================================         *
  52  2487  2040:================================================*===========
  54  1756  1742:=========================================*
  56  1650  1455:==================================*=====
  58  1201  1195:============================*
  60   918   968:====================== *
  62   809   776:==================*=
  64   631   617:==============*=
  66   684   488:===========*=====
  68   582   384:=========*====
  70   332   301:=======*
  72   264   235:=====*=
  74   448   183:====*======
  76   147   143:===*
  78   165   111:==*=
  80    98    86:==*
  82    80    66:=*
  84    68    52:=*
  86    32    40:*
  88    32    31:*          inset = represents 1 library sequences
  90    24    24:*
  92    21    19:*         :==================*==
  94    10    14:*         :==========   *
  96     5    11:*         :=====     *
  98     6     9:*         :======  *
 100    14     7:*         :======*=======
 102     4     5:*         :====*
 104     3     4:*         :===*
 106     3     3:*         :==*
 108     1     2:*         :=*
 110     1     2:*         :=*
 112     0     1:*         :*
 114     1     1:*         :*
 116     1     1:*         :*
 118     0     1:*         :*
>120     0     1:*         :*
   696332 residues in 28274 sequences
Statistics: MLE_cen statistics: Lambda= 0.3437;  K=0.1477 (cen=999)
 statistics sampled from 28274 (28274) to 28274 sequences
 Kolmogorov-Smirnov  statistic: 0.0520 (N=29) at  50
Algorithm: Smith-Waterman (SSE2, Michael Farrar 2006) (7.1 Aug 2009)
Parameters: BL80 matrix (11:-6), open/ext: -10/-2
 Scan time:  0.050
!! No sequences with E() < 0.1
 33>>>lcl|ORF5279_ZT-462_1:87317:87276_unnamed_prote - 13 aa
Library: ./database/DRAMP.fa
   696332 residues in 28274 sequences

       opt      E()
< 20    12     0:=
  22    15     0:=          one = represents 50 library sequences
  24    13     0:=
  26    37     1:*
  28    54     6:*=
  30   122    39:*==
  32   253   151:===*==
  34   384   408:========*
  36  1318   839:================*==========
  38  1397  1386:===========================*
  40  2041  1934:======================================*==
  42  2419  2364:===============================================*=
  44  1569  2608:================================                    *
  46  2990  2656:=====================================================*======
  48  2004  2543:=========================================         *
  50  2269  2320:==============================================*
  52  2192  2040:========================================*===
  54  1973  1742:==================================*=====
  56  1600  1455:=============================*==
  58   746  1195:===============        *
  60  1103   968:===================*===
  62   995   776:===============*====
  64   704   617:============*==
  66   471   488:=========*
  68   336   384:=======*
  70   343   301:======*
  72   189   235:====*
  74   207   183:===*=
  76   120   143:==*
  78    68   111:==*
  80    82    86:=*
  82    57    66:=*
  84    46    52:=*
  86    36    40:*
  88    31    31:*          inset = represents 1 library sequences
  90    32    24:*
  92    13    19:*         :=============     *
  94    13    14:*         :=============*
  96     7    11:*         :=======   *
  98     9     9:*         :========*
 100     0     7:*         :      *
 102     1     5:*         :=   *
 104     1     4:*         :=  *
 106     1     3:*         := *
 108     1     2:*         :=*
 110     0     2:*         : *
 112     0     1:*         :*
 114     0     1:*         :*
 116     0     1:*         :*
 118     0     1:*         :*
>120     0     1:*         :*
   696332 residues in 28274 sequences
Statistics: MLE_cen statistics: Lambda= 0.4381;  K=0.2685 (cen=999)
 statistics sampled from 28274 (28274) to 28274 sequences
 Kolmogorov-Smirnov  statistic: 0.0327 (N=29) at  42
Algorithm: Smith-Waterman (SSE2, Michael Farrar 2006) (7.1 Aug 2009)
Parameters: BL80 matrix (11:-6), open/ext: -10/-2
 Scan time:  0.040
!! No sequences with E() < 0.1
 34>>>lcl|ORF5754_ZT-462_1:25286:25248_unnamed_prote - 12 aa
Library: ./database/DRAMP.fa
   696332 residues in 28274 sequences

       opt      E()
< 20    13     0:=
  22    11     0:=          one = represents 42 library sequences
  24    52     0:==
  26    80     1:*=
  28    94     6:*==
  30   176    39:*====
  32   300   151:===*====
  34   547   408:=========*====
  36   874   839:===================*=
  38  1319  1386:================================*
  40  1843  1934:============================================  *
  42  2475  2364:========================================================*==
  44  1646  2608:========================================                   *
  46  2267  2656:======================================================     *
  48  2403  2543:========================================================== *
  50  1618  2320:=======================================                *
  52  2141  2040:================================================*==
  54  2376  1742:=========================================*===============
  56  2005  1455:==================================*=============
  58  1850  1195:============================*================
  60  1004   968:=======================*
  62   853   776:==================*==
  64   755   617:==============*===
  66   484   488:===========*
  68   238   384:======   *
  70   291   301:=======*
  72   153   235:==== *
  74   102   183:=== *
  76   114   143:===*
  78    62   111:==*
  80    30    86:= *
  82    30    66:=*
  84    20    52:=*
  86     6    40:*
  88    10    31:*          inset = represents 1 library sequences
  90     4    24:*
  92     5    19:*         :=====             *
  94     6    14:*         :======       *
  96     3    11:*         :===       *
  98     9     9:*         :========*
 100     0     7:*         :      *
 102     2     5:*         :==  *
 104     1     4:*         :=  *
 106     0     3:*         :  *
 108     1     2:*         :=*
 110     1     2:*         :=*
 112     0     1:*         :*
 114     0     1:*         :*
 116     0     1:*         :*
 118     0     1:*         :*
>120     0     1:*         :*
   696332 residues in 28274 sequences
Statistics: MLE_cen statistics: Lambda= 0.3817;  K=0.1821 (cen=999)
 statistics sampled from 28274 (28274) to 28274 sequences
 Kolmogorov-Smirnov  statistic: 0.0548 (N=29) at  50
Algorithm: Smith-Waterman (SSE2, Michael Farrar 2006) (7.1 Aug 2009)
Parameters: BL80 matrix (11:-6), open/ext: -10/-2
 Scan time:  0.040
!! No sequences with E() < 0.1
 35>>>lcl|ORF5827_ZT-462_1:18497:18447_unnamed_prote - 16 aa
Library: ./database/DRAMP.fa
   696332 residues in 28274 sequences

       opt      E()
< 20     9     0:=
  22     4     0:=          one = represents 51 library sequences
  24     7     0:=
  26    24     1:*
  28    46     6:*
  30   110    39:*==
  32   144   151:==*
  34   629   408:=======*=====
  36   937   839:================*==
  38  1608  1386:===========================*====
  40  1954  1934:=====================================*=
  42  2211  2364:============================================  *
  44  1904  2607:======================================             *
  46  3016  2656:====================================================*=======
  48  2845  2543:=================================================*======
  50  2294  2320:=============================================*
  52  1848  2040:=====================================  *
  54  1947  1742:==================================*====
  56  1590  1455:============================*===
  58  1398  1195:=======================*====
  60  1029   968:==================*==
  62   609   776:============   *
  64   437   617:=========   *
  66   383   488:======== *
  68   263   384:====== *
  70   212   301:=====*
  72   193   235:====*
  74   140   183:===*
  76    77   143:==*
  78    41   111:= *
  80    39    86:=*
  82    25    66:=*
  84   170    52:=*==
  86    23    40:*
  88    55    31:*=         inset = represents 1 library sequences
  90    18    24:*
  92    13    19:*         :=============     *
  94    12    14:*         :============ *
  96     4    11:*         :====      *
  98     2     9:*         :==      *
 100     2     7:*         :==    *
 102     0     5:*         :    *
 104     0     4:*         :   *
 106     1     3:*         := *
 108     0     2:*         : *
 110     0     2:*         : *
 112     0     1:*         :*
 114     0     1:*         :*
 116     0     1:*         :*
 118     0     1:*         :*
>120     1     1:*         :*
   696332 residues in 28274 sequences
Statistics: MLE_cen statistics: Lambda= 0.3689;  K=0.1198 (cen=999)
 statistics sampled from 28273 (28274) to 28273 sequences
 Kolmogorov-Smirnov  statistic: 0.0315 (N=29) at  60
Algorithm: Smith-Waterman (SSE2, Michael Farrar 2006) (7.1 Aug 2009)
Parameters: BL80 matrix (11:-6), open/ext: -10/-2
 Scan time:  0.040
!! No sequences with E() < 0.1
 36>>>lcl|ORF6133_ZT-462_1:153427:153392_unnamed_prote - 11 aa
Library: ./database/DRAMP.fa
   696332 residues in 28274 sequences

       opt      E()
< 20     8     0:=
  22    10     0:=          one = represents 49 library sequences
  24    10     0:=
  26    25     1:*
  28    62     6:*=
  30   138    39:*==
  32   647   151:===*==========
  34   444   408:========*=
  36  1234   839:=================*========
  38  1222  1386:=========================   *
  40  1461  1934:==============================         *
  42  2257  2364:=============================================== *
  44  1614  2608:=================================                    *
  46  2131  2656:============================================          *
  48  2558  2543:===================================================*=
  50  1721  2320:====================================           *
  52  2886  2040:=========================================*=================
  54  2238  1742:===================================*==========
  56  1648  1455:=============================*====
  58  1466  1195:========================*=====
  60   617   968:=============      *
  62   758   776:===============*
  64   851   617:============*=====
  66   496   488:=========*=
  68   681   384:=======*======
  70   273   301:======*
  72   158   235:====*
  74   251   183:===*==
  76    81   143:==*
  78    90   111:==*
  80    62    86:=*
  82    29    66:=*
  84    49    52:=*
  86    30    40:*
  88    17    31:*          inset = represents 1 library sequences
  90    16    24:*
  92     8    19:*         :========          *
  94    10    14:*         :==========   *
  96     4    11:*         :====      *
  98     1     9:*         :=       *
 100     7     7:*         :======*
 102     3     5:*         :=== *
 104     0     4:*         :   *
 106     2     3:*         :==*
 108     0     2:*         : *
 110     0     2:*         : *
 112     0     1:*         :*
 114     0     1:*         :*
 116     0     1:*         :*
 118     0     1:*         :*
>120     0     1:*         :*
   696332 residues in 28274 sequences
Statistics: MLE_cen statistics: Lambda= 0.4082;  K=0.2578 (cen=999)
 statistics sampled from 28274 (28274) to 28274 sequences
 Kolmogorov-Smirnov  statistic: 0.0609 (N=29) at  50
Algorithm: Smith-Waterman (SSE2, Michael Farrar 2006) (7.1 Aug 2009)
Parameters: BL80 matrix (11:-6), open/ext: -10/-2
 Scan time:  0.050
!! No sequences with E() < 0.1
 37>>>lcl|ORF6895_ZT-462_1:57394:57353_unnamed_prote - 13 aa
Library: ./database/DRAMP.fa
   696332 residues in 28274 sequences

       opt      E()
< 20     9     0:=
  22    10     0:=          one = represents 44 library sequences
  24    12     0:=
  26    19     1:*
  28    35     6:*
  30    73    39:*=
  32   164   151:===*
  34   640   408:=========*=====
  36   903   839:===================*=
  38  2273  1386:===============================*====================
  40  1852  1934:===========================================*
  42  1800  2364:=========================================            *
  44  2270  2608:====================================================       *
  46  2602  2656:===========================================================*
  48  2238  2543:===================================================      *
  50  2075  2320:================================================    *
  52  2010  2040:==============================================*
  54  1307  1742:==============================         *
  56  1355  1455:===============================  *
  58  1467  1195:===========================*======
  60   902   968:=====================*
  62   678   776:================ *
  64   821   617:==============*====
  66   575   488:===========*==
  68   368   384:========*
  70   319   301:======*=
  72   311   235:=====*==
  74   222   183:====*=
  76   191   143:===*=
  78   139   111:==*=
  80   138    86:=*==
  82    97    66:=*=
  84   105    52:=*=
  86    87    40:*=
  88    58    31:*=         inset = represents 1 library sequences
  90    40    24:*
  92    33    19:*         :==================*==============
  94    28    14:*         :=============*==============
  96    14    11:*         :==========*===
  98     6     9:*         :======  *
 100    14     7:*         :======*=======
 102     5     5:*         :====*
 104     4     4:*         :===*
 106     1     3:*         := *
 108     1     2:*         :=*
 110     1     2:*         :=*
 112     0     1:*         :*
 114     1     1:*         :*
 116     0     1:*         :*
 118     1     1:*         :*
>120     0     1:*         :*
   696332 residues in 28274 sequences
Statistics: MLE_cen statistics: Lambda= 0.3536;  K=0.1163 (cen=999)
 statistics sampled from 28274 (28274) to 28274 sequences
 Kolmogorov-Smirnov  statistic: 0.0459 (N=29) at  38
Algorithm: Smith-Waterman (SSE2, Michael Farrar 2006) (7.1 Aug 2009)
Parameters: BL80 matrix (11:-6), open/ext: -10/-2
 Scan time:  0.040
!! No sequences with E() < 0.1
 38>>>lcl|ORF7221_ZT-462_1:21877:21827_unnamed_prote - 16 aa
Library: ./database/DRAMP.fa
   696332 residues in 28274 sequences

       opt      E()
< 20    13     0:=
  22     8     0:=          one = represents 51 library sequences
  24     6     0:=
  26    21     1:*
  28    28     6:*
  30    77    39:*=
  32   376   151:==*=====
  34   590   408:=======*====
  36   656   839:=============   *
  38  1779  1386:===========================*=======
  40  1569  1934:===============================      *
  42  2572  2364:==============================================*====
  44  3046  2608:===================================================*========
  46  1860  2656:=====================================               *
  48  2659  2543:=================================================*===
  50  1881  2320:=====================================        *
  52  2057  2040:=======================================*=
  54  2017  1742:==================================*=====
  56  1023  1455:=====================       *
  58  1345  1195:=======================*===
  60  1100   968:==================*===
  62   708   776:============== *
  64   658   617:============*
  66   470   488:=========*
  68   394   384:=======*
  70   301   301:=====*
  72   190   235:====*
  74   240   183:===*=
  76   134   143:==*
  78    83   111:==*
  80    86    86:=*
  82    52    66:=*
  84    84    52:=*
  86    42    40:*
  88    42    31:*          inset = represents 1 library sequences
  90    23    24:*
  92    16    19:*         :================  *
  94    15    14:*         :=============*=
  96     9    11:*         :========= *
  98    10     9:*         :========*=
 100    10     7:*         :======*===
 102     4     5:*         :====*
 104     6     4:*         :===*==
 106     3     3:*         :==*
 108     7     2:*         :=*=====
 110     1     2:*         :=*
 112     1     1:*         :*
 114     0     1:*         :*
 116     2     1:*         :*=
 118     0     1:*         :*
>120     0     1:*         :*
   696332 residues in 28274 sequences
Statistics: MLE_cen statistics: Lambda= 0.4131;  K= 0.207 (cen=999)
 statistics sampled from 28274 (28274) to 28274 sequences
 Kolmogorov-Smirnov  statistic: 0.0351 (N=29) at  44
Algorithm: Smith-Waterman (SSE2, Michael Farrar 2006) (7.1 Aug 2009)
Parameters: BL80 matrix (11:-6), open/ext: -10/-2
 Scan time:  0.040
!! No sequences with E() < 0.1
 39>>>lcl|ORF7511_ZT-462_1:158070:158032_unnamed_prote - 12 aa
Library: ./database/DRAMP.fa
   696332 residues in 28274 sequences

       opt      E()
< 20    10     0:=
  22    10     0:=          one = represents 45 library sequences
  24    14     0:=
  26    27     1:*
  28    64     6:*=
  30   121    39:*==
  32   368   151:===*=====
  34   607   408:=========*====
  36  1033   839:==================*====
  38  1705  1386:==============================*=======
  40  1240  1934:============================              *
  42  2513  2364:====================================================*===
  44  2247  2608:==================================================       *
  46  1769  2656:========================================                   *
  48  2519  2543:========================================================*
  50  1653  2320:=====================================              *
  52  2645  2040:=============================================*=============
  54  2342  1742:======================================*==============
  56  1356  1455:=============================== *
  58  1508  1195:==========================*=======
  60   765   968:=================    *
  62   702   776:================ *
  64   706   617:=============*==
  66   339   488:========  *
  68   345   384:========*
  70   399   301:======*==
  72   255   235:=====*
  74   257   183:====*=
  76   149   143:===*
  78   124   111:==*
  80    96    86:=*=
  82   141    66:=*==
  84    61    52:=*
  86    57    40:*=
  88    16    31:*          inset = represents 1 library sequences
  90    38    24:*
  92    19    19:*         :==================*
  94     8    14:*         :========     *
  96    16    11:*         :==========*=====
  98     3     9:*         :===     *
 100    12     7:*         :======*=====
 102     4     5:*         :====*
 104     0     4:*         :   *
 106     3     3:*         :==*
 108     2     2:*         :=*
 110     2     2:*         :=*
 112     0     1:*         :*
 114     0     1:*         :*
 116     3     1:*         :*==
 118     1     1:*         :*
>120     0     1:*         :*
   696332 residues in 28274 sequences
Statistics: MLE_cen statistics: Lambda= 0.4124;  K=0.2633 (cen=999)
 statistics sampled from 28274 (28274) to 28274 sequences
 Kolmogorov-Smirnov  statistic: 0.0483 (N=29) at  50
Algorithm: Smith-Waterman (SSE2, Michael Farrar 2006) (7.1 Aug 2009)
Parameters: BL80 matrix (11:-6), open/ext: -10/-2
 Scan time:  0.040
!! No sequences with E() < 0.1
 40>>>lcl|ORF8033_ZT-462_1:91635:91588_unnamed_prote - 15 aa
Library: ./database/DRAMP.fa
   696332 residues in 28274 sequences

       opt      E()
< 20     6     0:=
  22     4     0:=          one = represents 49 library sequences
  24     5     0:=
  26    14     1:*
  28    24     6:*
  30    49    39:*
  32   129   151:===*
  34   338   408:======= *
  36  1073   839:=================*====
  38  1695  1386:============================*======
  40  2672  1934:=======================================*===============
  42  2395  2364:================================================*
  44  2578  2608:=====================================================*
  46  2904  2656:======================================================*=====
  48  1983  2543:=========================================          *
  50  1804  2320:=====================================          *
  52  2052  2040:=========================================*
  54  1268  1742:==========================         *
  56  1586  1455:=============================*===
  58  1241  1195:========================*=
  60  1014   968:===================*=
  62   668   776:============== *
  64   474   617:==========  *
  66   451   488:=========*
  68   287   384:====== *
  70   292   301:======*
  72   364   235:====*===
  74   193   183:===*
  76   106   143:==*
  78   115   111:==*
  80    60    86:=*
  82    85    66:=*
  84   103    52:=*=
  86    25    40:*
  88    19    31:*          inset = represents 2 library sequences
  90    37    24:*
  92    33    19:*         :=========*=======
  94    12    14:*         :======*
  96    81    11:*=        :=====*==================================
  98     8     9:*         :====*
 100     2     7:*         :=  *
 102     2     5:*         := *
 104    12     4:*         :=*====
 106     2     3:*         :=*
 108     3     2:*         :*=
 110     4     2:*         :*=
 112     1     1:*         :*
 114     1     1:*         :*
 116     0     1:*         :*
 118     0     1:*         :*
>120     0     1:*         :*
   696332 residues in 28274 sequences
Statistics: MLE_cen statistics: Lambda= 0.3324;  K= 0.109 (cen=999)
 statistics sampled from 28274 (28274) to 28274 sequences
 Kolmogorov-Smirnov  statistic: 0.0527 (N=29) at  46
Algorithm: Smith-Waterman (SSE2, Michael Farrar 2006) (7.1 Aug 2009)
Parameters: BL80 matrix (11:-6), open/ext: -10/-2
 Scan time:  0.040
!! No sequences with E() < 0.1
 41>>>lcl|ORF8632_ZT-462_1:22506:22471_unnamed_prote - 11 aa
Library: ./database/DRAMP.fa
   696332 residues in 28274 sequences

       opt      E()
< 20    20     0:=
  22    14     0:=          one = represents 43 library sequences
  24     9     0:=
  26    30     1:*
  28    84     6:*=
  30   144    39:*===
  32   308   151:===*====
  34   618   408:=========*=====
  36   831   839:===================*
  38  1213  1386:=============================   *
  40  2249  1934:============================================*========
  42  2271  2364:===================================================== *
  44  2574  2608:===========================================================*
  46  2409  2656:=========================================================  *
  48  1834  2543:===========================================                *
  50  2199  2320:==================================================== *
  52  1869  2040:============================================   *
  54  1742  1742:========================================*
  56  1431  1455:=================================*
  58   869  1195:=====================      *
  60  1353   968:======================*=========
  62   636   776:===============   *
  64   721   617:==============*==
  66   944   488:===========*==========
  68   324   384:========*
  70   449   301:======*====
  72   194   235:=====*
  74   270   183:====*==
  76   161   143:===*
  78   105   111:==*
  80   103    86:=*=
  82    42    66:=*
  84    69    52:=*
  86    45    40:*=
  88    30    31:*          inset = represents 1 library sequences
  90    32    24:*
  92    23    19:*         :==================*====
  94    20    14:*         :=============*======
  96     8    11:*         :========  *
  98    10     9:*         :========*=
 100     4     7:*         :====  *
 102     5     5:*         :====*
 104     3     4:*         :===*
 106     2     3:*         :==*
 108     1     2:*         :=*
 110     1     2:*         :=*
 112     1     1:*         :*
 114     0     1:*         :*
 116     0     1:*         :*
 118     0     1:*         :*
>120     0     1:*         :*
   696332 residues in 28274 sequences
Statistics: MLE_cen statistics: Lambda= 0.4342;  K= 0.293 (cen=999)
 statistics sampled from 28274 (28274) to 28274 sequences
 Kolmogorov-Smirnov  statistic: 0.0350 (N=29) at  58
Algorithm: Smith-Waterman (SSE2, Michael Farrar 2006) (7.1 Aug 2009)
Parameters: BL80 matrix (11:-6), open/ext: -10/-2
 Scan time:  0.040
!! No sequences with E() < 0.1
 42>>>lcl|ORF8671_ZT-462_1:18591:18544_unnamed_prote - 15 aa
Library: ./database/DRAMP.fa
   696332 residues in 28274 sequences

       opt      E()
< 20    26     0:=
  22    19     0:=          one = represents 38 library sequences
  24    30     0:=
  26    50     1:*=
  28   101     6:*==
  30   202    39:=*====
  32   465   151:===*=========
  34   602   408:==========*=====
  36   829   839:======================*
  38  1520  1386:====================================*===
  40  1664  1934:============================================      *
  42  1888  2364:==================================================         *
  44  2072  2608:=======================================================    *
  46  2216  2656:===========================================================*
  48  1801  2543:================================================           *
  50  2236  2320:===========================================================*
  52  2024  2040:=====================================================*
  54  1815  1742:=============================================*==
  56  1665  1455:======================================*=====
  58  1706  1195:===============================*=============
  60   943   968:=========================*
  62   746   776:====================*
  64   631   617:================*
  66   639   488:============*====
  68   388   384:==========*
  70   618   301:=======*=========
  72   380   235:======*===
  74   208   183:====*=
  76   153   143:===*=
  78   129   111:==*=
  80   100    86:==*
  82    46    66:=*
  84   182    52:=*===
  86    61    40:=*
  88    33    31:*          inset = represents 1 library sequences
  90    23    24:*
  92    16    19:*         :================  *
  94    13    14:*         :=============*
  96    12    11:*         :==========*=
  98     6     9:*         :======  *
 100     8     7:*         :======*=
 102     3     5:*         :=== *
 104     3     4:*         :===*
 106     1     3:*         := *
 108     0     2:*         : *
 110     0     2:*         : *
 112     0     1:*         :*
 114     0     1:*         :*
 116     0     1:*         :*
 118     0     1:*         :*
>120     1     1:*         :*
   696332 residues in 28274 sequences
Statistics: MLE_cen statistics: Lambda= 0.3600;  K=0.1432 (cen=999)
 statistics sampled from 28274 (28274) to 28274 sequences
 Kolmogorov-Smirnov  statistic: 0.0558 (N=29) at  52
Algorithm: Smith-Waterman (SSE2, Michael Farrar 2006) (7.1 Aug 2009)
Parameters: BL80 matrix (11:-6), open/ext: -10/-2
 Scan time:  0.040
!! No sequences with E() < 0.1
 43>>>lcl|ORF8774_ZT-462_1:9090:9049_unnamed_prote - 13 aa
Library: ./database/DRAMP.fa
   696332 residues in 28274 sequences

       opt      E()
< 20    10     0:=
  22    13     0:=          one = represents 53 library sequences
  24    19     0:=
  26    32     1:*
  28    38     6:*
  30   116    39:*==
  32   164   151:==*=
  34   432   408:=======*=
  36   771   839:===============*
  38  1612  1386:==========================*====
  40  2613  1934:====================================*=============
  42  1836  2364:===================================         *
  44  2751  2607:=================================================*==
  46  3168  2656:==================================================*=========
  48  2328  2543:============================================   *
  50  1943  2320:=====================================      *
  52  2532  2040:======================================*=========
  54  1068  1742:=====================           *
  56  1430  1455:===========================*
  58  1206  1195:======================*
  60   710   968:==============    *
  62   780   776:==============*
  64   684   617:===========*=
  66   474   488:=========*
  68   288   384:====== *
  70   286   301:=====*
  72   212   235:====*
  74   182   183:===*
  76   142   143:==*
  78   121   111:==*
  80   107    86:=*=
  82    56    66:=*
  84    43    52:*
  86    27    40:*
  88    20    31:*          inset = represents 1 library sequences
  90    11    24:*
  92    15    19:*         :===============   *
  94     8    14:*         :========     *
  96     7    11:*         :=======   *
  98    10     9:*         :========*=
 100     2     7:*         :==    *
 102     1     5:*         :=   *
 104     2     4:*         :== *
 106     0     3:*         :  *
 108     1     2:*         :=*
 110     2     2:*         :=*
 112     0     1:*         :*
 114     0     1:*         :*
 116     0     1:*         :*
 118     0     1:*         :*
>120     1     1:*         :*
   696332 residues in 28274 sequences
Statistics: MLE_cen statistics: Lambda= 0.3923;  K= 0.165 (cen=999)
 statistics sampled from 28273 (28274) to 28273 sequences
 Kolmogorov-Smirnov  statistic: 0.0415 (N=29) at  46
Algorithm: Smith-Waterman (SSE2, Michael Farrar 2006) (7.1 Aug 2009)
Parameters: BL80 matrix (11:-6), open/ext: -10/-2
 Scan time:  0.040
!! No sequences with E() < 0.1
 44>>>lcl|ORF878_ZT-459_1:95517:95552_unnamed_prote - 11 aa
Library: ./database/DRAMP.fa
   696332 residues in 28274 sequences

       opt      E()
< 20     3     0:=
  22     9     0:=          one = represents 48 library sequences
  24     3     0:=
  26    12     1:*
  28    38     6:*
  30    82    39:*=
  32   199   151:===*=
  34   501   408:========*==
  36  1104   839:=================*=====
  38  1414  1386:============================*=
  40  2666  1934:========================================*===============
  42  2269  2364:================================================ *
  44  1948  2607:=========================================             *
  46  2843  2656:=======================================================*====
  48  2338  2543:=================================================   *
  50  1890  2320:========================================        *
  52  2214  2040:==========================================*====
  54  1913  1742:====================================*===
  56  1352  1455:============================= *
  58  1217  1195:========================*=
  60  1072   968:====================*==
  62   627   776:==============  *
  64   638   617:============*=
  66   476   488:==========*
  68   523   384:=======*===
  70   337   301:======*=
  72   159   235:====*
  74    93   183:== *
  76    98   143:==*
  78    60   111:==*
  80    39    86:=*
  82    37    66:=*
  84    23    52:=*
  86    22    40:*
  88     8    31:*          inset = represents 1 library sequences
  90    12    24:*
  92    12    19:*         :============      *
  94     8    14:*         :========     *
  96     5    11:*         :=====     *
  98     0     9:*         :        *
 100     2     7:*         :==    *
 102     2     5:*         :==  *
 104     1     4:*         :=  *
 106     3     3:*         :==*
 108     1     2:*         :=*
 110     0     2:*         : *
 112     0     1:*         :*
 114     0     1:*         :*
 116     0     1:*         :*
 118     0     1:*         :*
>120     1     1:*         :*
   696332 residues in 28274 sequences
Statistics: MLE_cen statistics: Lambda= 0.3867;  K=0.1338 (cen=999)
 statistics sampled from 28273 (28274) to 28273 sequences
 Kolmogorov-Smirnov  statistic: 0.0447 (N=29) at  40
Algorithm: Smith-Waterman (SSE2, Michael Farrar 2006) (7.1 Aug 2009)
Parameters: BL80 matrix (11:-6), open/ext: -10/-2
 Scan time:  0.040
!! No sequences with E() < 0.1
 45>>>lcl|ORF1073_ZT-459_1:121047:121097_unnamed_prote - 16 aa
Library: ./database/DRAMP.fa
   696332 residues in 28274 sequences

       opt      E()
< 20    22     0:=
  22     8     0:=          one = represents 43 library sequences
  24    14     0:=
  26    15     1:*
  28    63     6:*=
  30   125    39:*==
  32   251   151:===*==
  34   501   408:=========*==
  36  1254   839:===================*==========
  38  1167  1386:============================    *
  40  2206  1934:============================================*=======
  42  2203  2364:====================================================  *
  44  1967  2607:==============================================             *
  46  2513  2656:===========================================================*
  48  2521  2543:===========================================================*
  50  1683  2320:========================================             *
  52  2501  2040:===============================================*===========
  54  2053  1742:========================================*=======
  56  1047  1455:=========================        *
  58  1226  1195:===========================*=
  60  1280   968:======================*=======
  62   647   776:================  *
  64   638   617:==============*
  66   558   488:===========*=
  68   302   384:========*
  70   378   301:======*==
  72   262   235:=====*=
  74   150   183:====*
  76   179   143:===*=
  78   125   111:==*
  80    49    86:=*
  82    95    66:=*=
  84    77    52:=*
  86    62    40:*=
  88    29    31:*          inset = represents 1 library sequences
  90    27    24:*
  92    10    19:*         :==========        *
  94    15    14:*         :=============*=
  96     8    11:*         :========  *
  98    10     9:*         :========*=
 100     7     7:*         :======*
 102     4     5:*         :====*
 104     1     4:*         :=  *
 106     7     3:*         :==*====
 108     6     2:*         :=*====
 110     2     2:*         :=*
 112     3     1:*         :*==
 114     0     1:*         :*
 116     1     1:*         :*
 118     1     1:*         :*
>120     1     1:*         :*
   696332 residues in 28274 sequences
Statistics: MLE_cen statistics: Lambda= 0.3840;  K=0.2079 (cen=999)
 statistics sampled from 28273 (28274) to 28273 sequences
 Kolmogorov-Smirnov  statistic: 0.0297 (N=29) at  40
Algorithm: Smith-Waterman (SSE2, Michael Farrar 2006) (7.1 Aug 2009)
Parameters: BL80 matrix (11:-6), open/ext: -10/-2
 Scan time:  0.040
!! No sequences with E() < 0.1
 46>>>lcl|ORF4247_ZT-459_1:164823:164785_unnamed_prote - 12 aa
Library: ./database/DRAMP.fa
   696332 residues in 28274 sequences

       opt      E()
< 20    18     0:=
  22     8     0:=          one = represents 51 library sequences
  24    19     0:=
  26    33     1:*
  28    53     6:*=
  30   121    39:*==
  32   263   151:==*===
  34   384   408:=======*
  36  1501   839:================*=============
  38   893  1386:==================         *
  40  2098  1934:=====================================*====
  42  2287  2364:============================================= *
  44  3003  2608:===================================================*=======
  46  2120  2656:==========================================          *
  48  2045  2543:=========================================        *
  50  2407  2320:=============================================*==
  52  1347  2040:===========================            *
  54  2047  1742:==================================*======
  56  1053  1455:=====================       *
  58  1234  1195:=======================*=
  60   889   968:==================*
  62  1028   776:===============*=====
  64   654   617:============*
  66   517   488:=========*=
  68   506   384:=======*==
  70   295   301:=====*
  72   436   235:====*====
  74   151   183:===*
  76   204   143:==*=
  78   113   111:==*
  80   124    86:=*=
  82    74    66:=*
  84    38    52:=*
  86   100    40:*=
  88    47    31:*          inset = represents 1 library sequences
  90    54    24:*=
  92    26    19:*         :==================*=======
  94    36    14:*         :=============*======================
  96    17    11:*         :==========*======
  98     9     9:*         :========*
 100     8     7:*         :======*=
 102     1     5:*         :=   *
 104     4     4:*         :===*
 106     2     3:*         :==*
 108     2     2:*         :=*
 110     4     2:*         :=*==
 112     1     1:*         :*
 114     0     1:*         :*
 116     0     1:*         :*
 118     0     1:*         :*
>120     0     1:*         :*
   696332 residues in 28274 sequences
Statistics: MLE_cen statistics: Lambda= 0.4498;  K=0.1805 (cen=999)
 statistics sampled from 28274 (28274) to 28274 sequences
 Kolmogorov-Smirnov  statistic: 0.0332 (N=29) at  36
Algorithm: Smith-Waterman (SSE2, Michael Farrar 2006) (7.1 Aug 2009)
Parameters: BL80 matrix (11:-6), open/ext: -10/-2
 Scan time:  0.050
!! No sequences with E() < 0.1
 47>>>lcl|ORF4248_ZT-459_1:164784:164749_unnamed_prote - 11 aa
Library: ./database/DRAMP.fa
   696332 residues in 28274 sequences

       opt      E()
< 20    28     0:=
  22    13     0:=          one = represents 59 library sequences
  24    32     0:=
  26    31     1:*
  28    67     6:*=
  30   167    39:*==
  32   255   151:==*==
  34   683   408:======*=====
  36   563   839:==========    *
  38  1218  1386:=====================  *
  40  2301  1934:================================*======
  42  1381  2364:========================                *
  44  3498  2607:============================================*===============
  46  3245  2656:=============================================*=========
  48  2026  2543:===================================        *
  50  2394  2320:=======================================*=
  52  1591  2040:===========================       *
  54  1531  1742:==========================   *
  56  1569  1455:========================*==
  58  1071  1195:=================== *
  60  1078   968:================*==
  62   779   776:=============*
  64   799   617:==========*===
  66   420   488:========*
  68   306   384:======*
  70   382   301:=====*=
  72   211   235:===*
  74   193   183:===*
  76   168   143:==*
  78    59   111:=*
  80    35    86:=*
  82    37    66:=*
  84    37    52:*
  86    33    40:*
  88    12    31:*          inset = represents 1 library sequences
  90    15    24:*
  92    12    19:*         :============      *
  94     7    14:*         :=======      *
  96     7    11:*         :=======   *
  98     1     9:*         :=       *
 100     1     7:*         :=     *
 102     3     5:*         :=== *
 104     3     4:*         :===*
 106     7     3:*         :==*====
 108     4     2:*         :=*==
 110     0     2:*         : *
 112     0     1:*         :*
 114     0     1:*         :*
 116     0     1:*         :*
 118     0     1:*         :*
>120     1     1:*         :*
   696332 residues in 28274 sequences
Statistics: MLE_cen statistics: Lambda= 0.4101;  K=0.2169 (cen=999)
 statistics sampled from 28273 (28274) to 28273 sequences
 Kolmogorov-Smirnov  statistic: 0.0376 (N=29) at  46
Algorithm: Smith-Waterman (SSE2, Michael Farrar 2006) (7.1 Aug 2009)
Parameters: BL80 matrix (11:-6), open/ext: -10/-2
 Scan time:  0.040
!! No sequences with E() < 0.1
 48>>>lcl|ORF4645_ZT-459_1:125118:125080_unnamed_prote - 12 aa
Library: ./database/DRAMP.fa
   696332 residues in 28274 sequences

       opt      E()
< 20     8     0:=
  22    10     0:=          one = represents 47 library sequences
  24    20     0:=
  26    21     1:*
  28    67     6:*=
  30   102    39:*==
  32   278   151:===*==
  34   423   408:========*
  36  1461   839:=================*==============
  38   941  1386:=====================        *
  40  1957  1934:=========================================*
  42  2357  2364:==================================================*
  44  2268  2608:=================================================      *
  46  2820  2656:========================================================*===
  48  2178  2543:===============================================       *
  50  2355  2320:=================================================*=
  52  2205  2040:===========================================*===
  54  1352  1742:=============================        *
  56  1435  1455:==============================*
  58  1107  1195:======================== *
  60   746   968:================    *
  62   872   776:================*==
  64   622   617:=============*
  66   456   488:==========*
  68   485   384:========*==
  70   416   301:======*==
  72   286   235:====*==
  74   190   183:===*=
  76   133   143:===*
  78   150   111:==*=
  80   113    86:=*=
  82    86    66:=*
  84    57    52:=*
  86    63    40:*=
  88    46    31:*          inset = represents 1 library sequences
  90   125    24:*==
  92    11    19:*         :===========       *
  94    12    14:*         :============ *
  96     3    11:*         :===       *
  98     4     9:*         :====    *
 100     8     7:*         :======*=
 102    11     5:*         :====*======
 104     6     4:*         :===*==
 106     1     3:*         := *
 108     6     2:*         :=*====
 110     0     2:*         : *
 112     0     1:*         :*
 114     1     1:*         :*
 116     0     1:*         :*
 118     0     1:*         :*
>120     0     1:*         :*
   696332 residues in 28274 sequences
Statistics: MLE_cen statistics: Lambda= 0.3915;  K=0.1256 (cen=999)
 statistics sampled from 28274 (28274) to 28274 sequences
 Kolmogorov-Smirnov  statistic: 0.0332 (N=29) at  36
Algorithm: Smith-Waterman (SSE2, Michael Farrar 2006) (7.1 Aug 2009)
Parameters: BL80 matrix (11:-6), open/ext: -10/-2
 Scan time:  0.040
!! No sequences with E() < 0.1
 49>>>lcl|ORF4940_ZT-459_1:95457:95404_unnamed_prote - 17 aa
Library: ./database/DRAMP.fa
   696332 residues in 28274 sequences

       opt      E()
< 20    12     0:=
  22     4     0:=          one = represents 48 library sequences
  24     4     0:=
  26    16     1:*
  28   156     6:*===
  30   174    39:*===
  32   257   151:===*==
  34   609   408:========*====
  36   761   839:================ *
  38  1574  1386:============================*====
  40  1795  1934:======================================  *
  42  1707  2364:====================================             *
  44  2323  2607:=================================================     *
  46  2541  2656:=====================================================  *
  48  2194  2543:==============================================      *
  50  2869  2320:================================================*===========
  52  1834  2040:=======================================   *
  54  1270  1742:===========================         *
  56  1699  1455:==============================*=====
  58  1228  1195:========================*=
  60   829   968:==================  *
  62  1126   776:================*=======
  64   612   617:============*
  66   441   488:==========*
  68   936   384:=======*============
  70   294   301:======*
  72   205   235:====*
  74   222   183:===*=
  76   135   143:==*
  78    66   111:==*
  80   112    86:=*=
  82    59    66:=*
  84    34    52:=*
  86    36    40:*
  88    36    31:*          inset = represents 2 library sequences
  90    19    24:*
  92    55    19:*=        :=========*==================
  94    18    14:*         :======*==
  96     3    11:*         :==   *
  98     2     9:*         :=   *
 100     3     7:*         :== *
 102     1     5:*         := *
 104     0     4:*         : *
 106     0     3:*         : *
 108     0     2:*         :*
 110     0     2:*         :*
 112     1     1:*         :*
 114     0     1:*         :*
 116     0     1:*         :*
 118     0     1:*         :*
>120     2     1:*         :*
   696332 residues in 28274 sequences
Statistics: MLE_cen statistics: Lambda= 0.3757;  K=0.1484 (cen=999)
 statistics sampled from 28272 (28274) to 28272 sequences
 Kolmogorov-Smirnov  statistic: 0.0335 (N=29) at  54
Algorithm: Smith-Waterman (SSE2, Michael Farrar 2006) (7.1 Aug 2009)
Parameters: BL80 matrix (11:-6), open/ext: -10/-2
 Scan time:  0.040
!! No sequences with E() < 0.1
 50>>>lcl|ORF6446_ZT-459_1:95357:95316_unnamed_prote - 13 aa
Library: ./database/DRAMP.fa
   696332 residues in 28274 sequences

       opt      E()
< 20     6     0:=
  22     4     0:=          one = represents 45 library sequences
  24    13     0:=
  26    20     1:*
  28    56     6:*=
  30   103    39:*==
  32   441   151:===*======
  34   513   408:=========*==
  36  1316   839:==================*===========
  38  1390  1386:==============================*
  40  1493  1934:==================================        *
  42  2008  2364:=============================================       *
  44  2403  2608:======================================================   *
  46  1820  2656:=========================================                  *
  48  2645  2543:========================================================*==
  50  2237  2320:================================================== *
  52  1899  2040:===========================================  *
  54  2196  1742:======================================*==========
  56  1367  1455:=============================== *
  58  1144  1195:==========================*
  60  1013   968:=====================*=
  62   715   776:================ *
  64   649   617:=============*=
  66   784   488:==========*=======
  68   440   384:========*=
  70   538   301:======*=====
  72   296   235:=====*=
  74   109   183:=== *
  76   142   143:===*
  78   142   111:==*=
  80    83    86:=*
  82    84    66:=*
  84    59    52:=*
  86    23    40:*
  88    35    31:*          inset = represents 1 library sequences
  90    25    24:*
  92     7    19:*         :=======           *
  94    19    14:*         :=============*=====
  96    11    11:*         :==========*
  98     7     9:*         :======= *
 100     2     7:*         :==    *
 102     4     5:*         :====*
 104     1     4:*         :=  *
 106     2     3:*         :==*
 108     3     2:*         :=*=
 110     2     2:*         :=*
 112     0     1:*         :*
 114     1     1:*         :*
 116     1     1:*         :*
 118     3     1:*         :*==
>120     0     1:*         :*
   696332 residues in 28274 sequences
Statistics: MLE_cen statistics: Lambda= 0.3916;  K=0.2023 (cen=999)
 statistics sampled from 28274 (28274) to 28274 sequences
 Kolmogorov-Smirnov  statistic: 0.0363 (N=29) at  38
Algorithm: Smith-Waterman (SSE2, Michael Farrar 2006) (7.1 Aug 2009)
Parameters: BL80 matrix (11:-6), open/ext: -10/-2
 Scan time:  0.040
!! No sequences with E() < 0.1


699 residues in 50 query   sequences
696332 residues in 28274 library sequences
 Scomplib [36.05]
 start: Thu Aug 21 14:51:05 2025 done: Thu Aug 21 14:51:08 2025
 Total Scan time:  2.060 Total Display time:  0.050

Function used was SSEARCH [version 36.05 March, 2010]
