# ../../cgi-bin/seq-search/bin/ssearch35 -Q -s BL80 -b 10 -d 10 -E 0.1 -T 8 ../../tmp/simi_search_tmp/igEdLUGQhV3qApQBkA/igEdLUGQhV3qApQBkA.in ./database/DRAMP.fa
SSEARCH searches a sequence data bank
 version 36.05 March, 2010
Please cite:
 T. F. Smith and M. S. Waterman, (1981) J. Mol. Biol. 147:195-197; 
 W.R. Pearson (1991) Genomics 11:635-650

Query: ../../tmp/simi_search_tmp/igEdLUGQhV3qApQBkA/igEdLUGQhV3qApQBkA.in
  1>>>lcl|ORF3668_ZT-469_1:110351:110383_unnamed_prote - 10 aa
Library: ./database/DRAMP.fa
   696332 residues in 28274 sequences

       opt      E()
< 20     9     0:=
  22     5     0:=          one = represents 48 library sequences
  24    16     0:=
  26    25     1:*
  28    44     6:*
  30   196    39:*====
  32   297   151:===*===
  34   614   408:========*====
  36  1145   839:=================*======
  38   893  1386:===================         *
  40  2047  1934:========================================*==
  42  2073  2364:============================================     *
  44  2267  2608:================================================      *
  46  2848  2656:=======================================================*====
  48  1899  2543:========================================            *
  50  2518  2320:================================================*====
  52  2271  2040:==========================================*=====
  54  1371  1742:=============================       *
  56  1762  1455:==============================*======
  58  1235  1195:========================*=
  60   925   968:====================*
  62   909   776:================*==
  64   532   617:============*
  66   691   488:==========*====
  68   389   384:=======*=
  70   260   301:======*
  72   305   235:====*==
  74   232   183:===*=
  76    83   143:==*
  78    73   111:==*
  80    72    86:=*
  82    58    66:=*
  84    44    52:=*
  86    50    40:*=
  88    31    31:*          inset = represents 1 library sequences
  90    28    24:*
  92    13    19:*         :=============     *
  94    11    14:*         :===========  *
  96    13    11:*         :==========*==
  98     2     9:*         :==      *
 100     2     7:*         :==    *
 102     9     5:*         :====*====
 104     4     4:*         :===*
 106     1     3:*         := *
 108     1     2:*         :=*
 110     0     2:*         : *
 112     1     1:*         :*
 114     0     1:*         :*
 116     0     1:*         :*
 118     0     1:*         :*
>120     0     1:*         :*
   696332 residues in 28274 sequences
Statistics: MLE_cen statistics: Lambda= 0.4067;  K=0.1118 (cen=999)
 statistics sampled from 28274 (28274) to 28274 sequences
 Kolmogorov-Smirnov  statistic: 0.0318 (N=29) at  36
Algorithm: Smith-Waterman (SSE2, Michael Farrar 2006) (7.1 Aug 2009)
Parameters: BL80 matrix (11:-6), open/ext: -10/-2
 Scan time:  0.030
!! No sequences with E() < 0.1
  2>>>lcl|ORF3676_ZT-469_1:110957:110992_unnamed_prote - 11 aa
Library: ./database/DRAMP.fa
   696332 residues in 28274 sequences

       opt      E()
< 20     7     0:=
  22    12     0:=          one = represents 51 library sequences
  24    13     0:=
  26    35     1:*
  28    73     6:*=
  30   116    39:*==
  32   207   151:==*==
  34   581   408:=======*====
  36   831   839:================*
  38  1589  1386:===========================*====
  40  1706  1934:==================================   *
  42  1959  2364:=======================================       *
  44  3053  2608:===================================================*========
  46  2423  2656:================================================    *
  48  2249  2543:=============================================    *
  50  2651  2320:=============================================*======
  52  2208  2040:=======================================*====
  54  2057  1742:==================================*======
  56  1475  1455:============================*
  58  1218  1195:=======================*
  60   749   968:===============   *
  62   805   776:===============*
  64   605   617:============*
  66   461   488:=========*
  68   356   384:=======*
  70   251   301:=====*
  72   185   235:====*
  74    71   183:== *
  76    71   143:==*
  78    55   111:==*
  80    31    86:=*
  82    67    66:=*
  84    23    52:=*
  86    29    40:*
  88    20    31:*          inset = represents 1 library sequences
  90    10    24:*
  92    13    19:*         :=============     *
  94     6    14:*         :======       *
  96     0    11:*         :          *
  98     0     9:*         :        *
 100     0     7:*         :      *
 102     0     5:*         :    *
 104     2     4:*         :== *
 106     0     3:*         :  *
 108     0     2:*         : *
 110     0     2:*         : *
 112     0     1:*         :*
 114     1     1:*         :*
 116     0     1:*         :*
 118     0     1:*         :*
>120     0     1:*         :*
   696332 residues in 28274 sequences
Statistics: MLE_cen statistics: Lambda= 0.3645;  K=0.1457 (cen=999)
 statistics sampled from 28274 (28274) to 28274 sequences
 Kolmogorov-Smirnov  statistic: 0.0272 (N=29) at  58
Algorithm: Smith-Waterman (SSE2, Michael Farrar 2006) (7.1 Aug 2009)
Parameters: BL80 matrix (11:-6), open/ext: -10/-2
 Scan time:  0.040
!! No sequences with E() < 0.1
  3>>>lcl|ORF3677_ZT-469_1:111071:111124_unnamed_prote - 17 aa
Library: ./database/DRAMP.fa
   696332 residues in 28274 sequences

       opt      E()
< 20     3     0:=
  22     2     0:=          one = represents 45 library sequences
  24     3     0:=
  26     8     1:*
  28    36     6:*
  30    92    39:*==
  32   170   151:===*
  34   506   408:=========*==
  36  1328   839:==================*===========
  38  1630  1386:==============================*======
  40  1773  1934:========================================  *
  42  2066  2364:==============================================      *
  44  2669  2608:=========================================================*==
  46  2265  2656:===================================================        *
  48  2034  2543:==============================================          *
  50  2246  2320:================================================== *
  52  2125  2040:=============================================*==
  54  1588  1742:====================================  *
  56  1150  1455:==========================      *
  58  1194  1195:==========================*
  60   568   968:=============        *
  62  1020   776:=================*=====
  64  1328   617:=============*================
  66   603   488:==========*===
  68   863   384:========*===========
  70   306   301:======*
  72   127   235:===  *
  74   109   183:=== *
  76   109   143:===*
  78   103   111:==*
  80    64    86:=*
  82    49    66:=*
  84    23    52:=*
  86    40    40:*
  88    16    31:*          inset = represents 1 library sequences
  90    12    24:*
  92     4    19:*         :====              *
  94    20    14:*         :=============*======
  96    11    11:*         :==========*
  98     2     9:*         :==      *
 100     2     7:*         :==    *
 102     1     5:*         :=   *
 104     1     4:*         :=  *
 106     2     3:*         :==*
 108     2     2:*         :=*
 110     1     2:*         :=*
 112     0     1:*         :*
 114     0     1:*         :*
 116     0     1:*         :*
 118     0     1:*         :*
>120     0     1:*         :*
   696332 residues in 28274 sequences
Statistics: MLE_cen statistics: Lambda= 0.3186;  K=0.1138 (cen=999)
 statistics sampled from 28274 (28274) to 28274 sequences
 Kolmogorov-Smirnov  statistic: 0.0425 (N=29) at  60
Algorithm: Smith-Waterman (SSE2, Michael Farrar 2006) (7.1 Aug 2009)
Parameters: BL80 matrix (11:-6), open/ext: -10/-2
 Scan time:  0.040
!! No sequences with E() < 0.1
  4>>>lcl|ORF3695_ZT-469_1:114923:114958_unnamed_prote - 11 aa
Library: ./database/DRAMP.fa
   696332 residues in 28274 sequences

       opt      E()
< 20    13     0:=
  22    10     0:=          one = represents 45 library sequences
  24    17     0:=
  26    22     1:*
  28    43     6:*
  30   106    39:*==
  32   196   151:===*=
  34   588   408:=========*====
  36  1376   839:==================*============
  38  1091  1386:=========================     *
  40  2295  1934:==========================================*========
  42  1679  2364:======================================              *
  44  2634  2607:=========================================================*=
  46  2690  2656:===========================================================*
  48  1754  2543:=======================================                 *
  50  2387  2320:===================================================*==
  52  1981  2040:=============================================*
  54  1642  1742:===================================== *
  56  1743  1455:================================*======
  58  1034  1195:=======================   *
  60  1224   968:=====================*======
  62   733   776:=================*
  64   720   617:=============*==
  66   636   488:==========*====
  68   380   384:========*
  70   320   301:======*=
  72   196   235:=====*
  74   180   183:====*
  76   210   143:===*=
  78    76   111:==*
  80    85    86:=*
  82    59    66:=*
  84    19    52:=*
  86    46    40:*=
  88    19    31:*          inset = represents 1 library sequences
  90     6    24:*
  92    27    19:*         :==================*========
  94     8    14:*         :========     *
  96     6    11:*         :======    *
  98     3     9:*         :===     *
 100     9     7:*         :======*==
 102     4     5:*         :====*
 104     4     4:*         :===*
 106     0     3:*         :  *
 108     0     2:*         : *
 110     2     2:*         :=*
 112     0     1:*         :*
 114     0     1:*         :*
 116     0     1:*         :*
 118     0     1:*         :*
>120     1     1:*         :*
   696332 residues in 28274 sequences
Statistics: MLE_cen statistics: Lambda= 0.4111;  K=0.1523 (cen=999)
 statistics sampled from 28273 (28274) to 28273 sequences
 Kolmogorov-Smirnov  statistic: 0.0347 (N=29) at  40
Algorithm: Smith-Waterman (SSE2, Michael Farrar 2006) (7.1 Aug 2009)
Parameters: BL80 matrix (11:-6), open/ext: -10/-2
 Scan time:  0.040
!! No sequences with E() < 0.1
  5>>>lcl|ORF3726_ZT-469_1:118085:118129_unnamed_prote - 14 aa
Library: ./database/DRAMP.fa
   696332 residues in 28274 sequences

       opt      E()
< 20    15     0:=
  22    18     0:=          one = represents 50 library sequences
  24    20     0:=
  26    41     1:*
  28    44     6:*
  30   114    39:*==
  32   222   151:===*=
  34   622   408:========*====
  36   755   839:================*
  38  1475  1386:===========================*==
  40  2315  1934:======================================*========
  42  2301  2364:===============================================*
  44  2990  2608:====================================================*=======
  46  2214  2656:=============================================        *
  48  1832  2543:=====================================             *
  50  2380  2320:==============================================*=
  52  1518  2040:===============================         *
  54  2169  1742:==================================*=========
  56  1278  1455:==========================   *
  58   931  1195:===================    *
  60  1220   968:===================*=====
  62   853   776:===============*==
  64   615   617:============*
  66  1033   488:=========*===========
  68   377   384:=======*
  70   191   301:====  *
  72   210   235:====*
  74   119   183:===*
  76   100   143:==*
  78   161   111:==*=
  80    24    86:=*
  82    33    66:=*
  84    21    52:=*
  86    19    40:*
  88    14    31:*          inset = represents 1 library sequences
  90    11    24:*
  92     2    19:*         :==                *
  94     9    14:*         :=========    *
  96     2    11:*         :==        *
  98     3     9:*         :===     *
 100     1     7:*         :=     *
 102     1     5:*         :=   *
 104     0     4:*         :   *
 106     0     3:*         :  *
 108     0     2:*         : *
 110     0     2:*         : *
 112     1     1:*         :*
 114     0     1:*         :*
 116     0     1:*         :*
 118     0     1:*         :*
>120     0     1:*         :*
   696332 residues in 28274 sequences
Statistics: MLE_cen statistics: Lambda= 0.3985;  K=0.2224 (cen=999)
 statistics sampled from 28274 (28274) to 28274 sequences
 Kolmogorov-Smirnov  statistic: 0.0418 (N=29) at  44
Algorithm: Smith-Waterman (SSE2, Michael Farrar 2006) (7.1 Aug 2009)
Parameters: BL80 matrix (11:-6), open/ext: -10/-2
 Scan time:  0.040
!! No sequences with E() < 0.1
  6>>>lcl|ORF3731_ZT-469_1:118691:118723_unnamed_prote - 10 aa
Library: ./database/DRAMP.fa
   696332 residues in 28274 sequences

       opt      E()
< 20    15     0:=
  22    11     0:=          one = represents 43 library sequences
  24    13     0:=
  26    27     1:*
  28    43     6:*
  30   183    39:*====
  32   284   151:===*===
  34   532   408:=========*===
  36   667   839:================   *
  38  2159  1386:================================*==================
  40  1968  1934:============================================*=
  42  2173  2364:===================================================   *
  44  2345  2608:=======================================================    *
  46  1526  2656:====================================                       *
  48  2578  2543:===========================================================*
  50  1766  2320:==========================================           *
  52  2375  2040:===============================================*========
  54  1830  1742:========================================*==
  56  1479  1455:=================================*=
  58  1464  1195:===========================*=======
  60   857   968:====================  *
  62   979   776:==================*====
  64   632   617:==============*
  66   523   488:===========*=
  68   443   384:========*==
  70   456   301:======*====
  72   262   235:=====*=
  74   229   183:====*=
  76   105   143:===*
  78   134   111:==*=
  80    67    86:=*
  82    45    66:=*
  84    31    52:=*
  86    28    40:*
  88    10    31:*          inset = represents 1 library sequences
  90    14    24:*
  92     6    19:*         :======            *
  94    11    14:*         :===========  *
  96     3    11:*         :===       *
  98     0     9:*         :        *
 100     1     7:*         :=     *
 102     0     5:*         :    *
 104     0     4:*         :   *
 106     0     3:*         :  *
 108     0     2:*         : *
 110     0     2:*         : *
 112     0     1:*         :*
 114     0     1:*         :*
 116     0     1:*         :*
 118     0     1:*         :*
>120     0     1:*         :*
   696332 residues in 28274 sequences
Statistics: MLE_cen statistics: Lambda= 0.4406;  K=0.1771 (cen=999)
 statistics sampled from 28274 (28274) to 28274 sequences
 Kolmogorov-Smirnov  statistic: 0.0397 (N=29) at  40
Algorithm: Smith-Waterman (SSE2, Michael Farrar 2006) (7.1 Aug 2009)
Parameters: BL80 matrix (11:-6), open/ext: -10/-2
 Scan time:  0.040
!! No sequences with E() < 0.1
  7>>>lcl|ORF3764_ZT-469_1:123866:123922_unnamed_prote - 18 aa
Library: ./database/DRAMP.fa
   696332 residues in 28274 sequences

       opt      E()
< 20     4     0:=
  22     3     0:=          one = represents 46 library sequences
  24     7     0:=
  26    29     1:*
  28    57     6:*=
  30    51    39:*=
  32   210   151:===*=
  34   457   408:========*=
  36  1140   839:==================*======
  38  1858  1386:==============================*==========
  40  1369  1933:==============================            *
  42  2712  2363:===================================================*=======
  44  2347  2607:====================================================    *
  46  2157  2655:===============================================          *
  48  2680  2542:=======================================================*===
  50  2478  2319:==================================================*===
  52  1482  2039:=================================           *
  54  2093  1742:=====================================*========
  56  1455  1455:===============================*
  58  1068  1194:======================== *
  60  1128   968:=====================*===
  62   947   776:================*====
  64   392   617:=========    *
  66   421   488:==========*
  68   402   384:========*
  70   273   301:======*
  72   313   235:=====*=
  74   210   183:===*=
  76    91   143:== *
  78    98   111:==*
  80    73    86:=*
  82    38    66:=*
  84    44    52:=*
  86    54    40:*=
  88    19    31:*          inset = represents 1 library sequences
  90    18    24:*
  92    27    19:*         :==================*========
  94     9    14:*         :=========    *
  96    14    11:*         :==========*===
  98     9     9:*         :========*
 100     2     7:*         :==    *
 102     9     5:*         :====*====
 104     4     4:*         :===*
 106     3     3:*         :==*
 108     2     2:*         :=*
 110     3     2:*         :=*=
 112     1     1:*         :*
 114     1     1:*         :*
 116     1     1:*         :*
 118     0     1:*         :*
>120    11     1:*         :*==========
   696332 residues in 28274 sequences
Statistics: MLE_cen statistics: Lambda= 0.3819;  K=0.1359 (cen=999)
 statistics sampled from 28263 (28274) to 28263 sequences
 Kolmogorov-Smirnov  statistic: 0.0348 (N=29) at  38
Algorithm: Smith-Waterman (SSE2, Michael Farrar 2006) (7.1 Aug 2009)
Parameters: BL80 matrix (11:-6), open/ext: -10/-2
 Scan time:  0.040

The best scores are:                                      s-w bits E(28274)
DRAMP18191                                         (  18)   45 27.7   0.043

>>DRAMP18191                                              (18 aa)
 s-w opt:  45  Z-score: 150.0  bits: 27.7 E(28274): 0.043
Smith-Waterman score: 45; 53.8% identity (84.6% similar) in 13 aa overlap (1-13:5-17)

                   10        
lcl|OR     MVPYAVSTLIKAFGPFLA
           ..:.:.: :: ::     
DRAMP1 FLFSLIPHAISGLISAFK    
               10            

  8>>>lcl|ORF3801_ZT-469_1:127178:127234_unnamed_prote - 18 aa
Library: ./database/DRAMP.fa
   696332 residues in 28274 sequences

       opt      E()
< 20    10     0:=
  22    13     0:=          one = represents 46 library sequences
  24    14     0:=
  26    25     1:*
  28    48     6:*=
  30    96    39:*==
  32   200   151:===*=
  34   510   408:========*===
  36   808   839:==================*
  38  1226  1386:===========================   *
  40  2707  1933:==========================================*================
  42  2456  2363:===================================================*==
  44  2563  2607:========================================================*
  46  2573  2655:======================================================== *
  48  2435  2542:=====================================================  *
  50  2075  2320:==============================================    *
  52  1813  2039:========================================    *
  54  1611  1742:==================================== *
  56  1638  1455:===============================*====
  58   951  1195:=====================    *
  60   990   968:=====================*
  62   638   776:==============  *
  64   428   617:==========   *
  66   358   488:========  *
  68   375   384:========*
  70   309   301:======*
  72   255   235:=====*
  74   217   183:===*=
  76   127   143:===*
  78   114   111:==*
  80   102    86:=*=
  82   154    66:=*==
  84    47    52:=*
  86    31    40:*
  88    46    31:*          inset = represents 2 library sequences
  90    43    24:*
  92    13    19:*         :=======  *
  94    13    14:*         :======*
  96    71    11:*=        :=====*==============================
  98    26     9:*         :====*========
 100    26     7:*         :===*=========
 102    17     5:*         :==*======
 104    22     4:*         :=*=========
 106     2     3:*         :=*
 108    58     2:*=        :*============================
 110    10     2:*         :*====
 112     0     1:*         :*
 114     3     1:*         :*=
 116     0     1:*         :*
 118     0     1:*         :*
>120     7     1:*         :*===
   696332 residues in 28274 sequences
Statistics: MLE_cen statistics: Lambda= 0.3678;  K=0.1613 (cen=999)
 statistics sampled from 28267 (28274) to 28267 sequences
 Kolmogorov-Smirnov  statistic: 0.0346 (N=29) at  42
Algorithm: Smith-Waterman (SSE2, Michael Farrar 2006) (7.1 Aug 2009)
Parameters: BL80 matrix (11:-6), open/ext: -10/-2
 Scan time:  0.040
!! No sequences with E() < 0.1
  9>>>lcl|ORF4161_ZT-469_1:167054:167089_unnamed_prote - 11 aa
Library: ./database/DRAMP.fa
   696332 residues in 28274 sequences

       opt      E()
< 20    14     0:=
  22    19     0:=          one = represents 47 library sequences
  24    22     0:=
  26    38     1:*
  28    73     6:*=
  30   176    39:*===
  32   362   151:===*====
  34   606   408:========*====
  36   951   839:=================*===
  38  1291  1386:============================ *
  40  1453  1934:===============================          *
  42  2373  2364:==================================================*
  44  2180  2607:===============================================        *
  46  2097  2656:=============================================           *
  48  2771  2543:======================================================*====
  50  2419  2320:=================================================*==
  52  1971  2040:========================================== *
  54  1683  1742:==================================== *
  56  1507  1455:==============================*==
  58   983  1195:=====================    *
  60   998   968:====================*=
  62   993   776:================*=====
  64   903   617:=============*======
  66   473   488:==========*
  68   443   384:========*=
  70   247   301:======*
  72   195   235:====*
  74   228   183:===*=
  76   229   143:===*=
  78   159   111:==*=
  80   150    86:=*==
  82    79    66:=*
  84    42    52:=*
  86    49    40:*=
  88    45    31:*          inset = represents 1 library sequences
  90     8    24:*
  92    10    19:*         :==========        *
  94    15    14:*         :=============*=
  96     4    11:*         :====      *
  98     3     9:*         :===     *
 100     3     7:*         :===   *
 102     4     5:*         :====*
 104     0     4:*         :   *
 106     3     3:*         :==*
 108     0     2:*         : *
 110     1     2:*         :=*
 112     0     1:*         :*
 114     0     1:*         :*
 116     0     1:*         :*
 118     0     1:*         :*
>120     1     1:*         :*
   696332 residues in 28274 sequences
Statistics: MLE_cen statistics: Lambda= 0.3700;  K=0.1319 (cen=999)
 statistics sampled from 28273 (28274) to 28273 sequences
 Kolmogorov-Smirnov  statistic: 0.0284 (N=29) at  36
Algorithm: Smith-Waterman (SSE2, Michael Farrar 2006) (7.1 Aug 2009)
Parameters: BL80 matrix (11:-6), open/ext: -10/-2
 Scan time:  0.040
!! No sequences with E() < 0.1
 10>>>lcl|ORF4210_ZT-469_1:166977:166933_unnamed_prote - 14 aa
Library: ./database/DRAMP.fa
   696332 residues in 28274 sequences

       opt      E()
< 20     5     0:=
  22     6     0:=          one = represents 42 library sequences
  24     4     0:=
  26    15     1:*
  28    83     6:*=
  30   128    39:*===
  32   548   151:===*==========
  34   521   408:=========*===
  36   873   839:===================*=
  38  1246  1386:==============================  *
  40  1756  1934:==========================================    *
  42  1910  2364:==============================================          *
  44  1970  2608:===============================================            *
  46  2226  2656:=====================================================      *
  48  2461  2543:===========================================================*
  50  2502  2320:=======================================================*====
  52  2356  2040:================================================*========
  54  2023  1742:=========================================*=======
  56  1956  1455:==================================*============
  58  1253  1195:============================*=
  60  1030   968:=======================*=
  62   954   776:==================*====
  64   508   617:============= *
  66   456   488:===========*
  68   298   384:======== *
  70   315   301:=======*
  72   176   235:=====*
  74   205   183:====*
  76   161   143:===*
  78   112   111:==*
  80    65    86:==*
  82    49    66:=*
  84    28    52:=*
  86    21    40:*
  88    17    31:*          inset = represents 1 library sequences
  90    10    24:*
  92    10    19:*         :==========        *
  94     9    14:*         :=========    *
  96     3    11:*         :===       *
  98     0     9:*         :        *
 100     0     7:*         :      *
 102     2     5:*         :==  *
 104     2     4:*         :== *
 106     0     3:*         :  *
 108     1     2:*         :=*
 110     0     2:*         : *
 112     0     1:*         :*
 114     0     1:*         :*
 116     0     1:*         :*
 118     0     1:*         :*
>120     0     1:*         :*
   696332 residues in 28274 sequences
Statistics: MLE_cen statistics: Lambda= 0.3108;  K=0.1063 (cen=999)
 statistics sampled from 28274 (28274) to 28274 sequences
 Kolmogorov-Smirnov  statistic: 0.0420 (N=29) at  48
Algorithm: Smith-Waterman (SSE2, Michael Farrar 2006) (7.1 Aug 2009)
Parameters: BL80 matrix (11:-6), open/ext: -10/-2
 Scan time:  0.040
!! No sequences with E() < 0.1
 11>>>lcl|ORF4268_ZT-469_1:160377:160342_unnamed_prote - 11 aa
Library: ./database/DRAMP.fa
   696332 residues in 28274 sequences

       opt      E()
< 20    24     0:=
  22     7     0:=          one = represents 46 library sequences
  24    24     0:=
  26    38     1:*
  28    50     6:*=
  30    95    39:*==
  32   248   151:===*==
  34   745   408:========*========
  36   841   839:==================*
  38  1871  1386:==============================*==========
  40  1323  1934:=============================             *
  42  2732  2364:===================================================*========
  44  2152  2608:===============================================         *
  46  2446  2656:======================================================   *
  48  2454  2543:====================================================== *
  50  1585  2320:===================================               *
  52  2258  2040:============================================*=====
  54  1163  1742:==========================           *
  56  1586  1455:===============================*===
  58  1035  1195:=======================  *
  60  1179   968:=====================*====
  62   834   776:================*==
  64   816   617:=============*====
  66  1073   488:==========*=============
  68   390   384:========*
  70   324   301:======*=
  72   205   235:=====*
  74   262   183:===*==
  76    98   143:===*
  78   100   111:==*
  80   118    86:=*=
  82    37    66:=*
  84    43    52:=*
  86    32    40:*
  88    29    31:*          inset = represents 1 library sequences
  90    12    24:*
  92    18    19:*         :==================*
  94    12    14:*         :============ *
  96     3    11:*         :===       *
  98     4     9:*         :====    *
 100     2     7:*         :==    *
 102     4     5:*         :====*
 104     1     4:*         :=  *
 106     0     3:*         :  *
 108     0     2:*         : *
 110     0     2:*         : *
 112     0     1:*         :*
 114     0     1:*         :*
 116     0     1:*         :*
 118     1     1:*         :*
>120     0     1:*         :*
   696332 residues in 28274 sequences
Statistics: MLE_cen statistics: Lambda= 0.4499;  K=0.2488 (cen=999)
 statistics sampled from 28274 (28274) to 28274 sequences
 Kolmogorov-Smirnov  statistic: 0.0385 (N=29) at  38
Algorithm: Smith-Waterman (SSE2, Michael Farrar 2006) (7.1 Aug 2009)
Parameters: BL80 matrix (11:-6), open/ext: -10/-2
 Scan time:  0.040
!! No sequences with E() < 0.1
 12>>>lcl|ORF4281_ZT-469_1:159462:159406_unnamed_prote - 18 aa
Library: ./database/DRAMP.fa
   696332 residues in 28274 sequences

       opt      E()
< 20     3     0:=
  22     2     0:=          one = represents 48 library sequences
  24     5     0:=
  26    29     1:*
  28    88     6:*=
  30   137    39:*==
  32   259   151:===*==
  34   535   408:========*===
  36   988   839:=================*===
  38  1348  1386:============================*
  40  1655  1934:===================================     *
  42  2251  2364:===============================================  *
  44  2614  2607:======================================================*
  46  2839  2656:=======================================================*====
  48  2202  2543:==============================================      *
  50  1752  2320:=====================================           *
  52  2414  2040:==========================================*========
  54  1946  1742:====================================*====
  56  1188  1455:=========================     *
  58  1233  1195:========================*=
  60  1007   968:====================*
  62   893   776:================*==
  64   455   617:==========  *
  66   631   488:==========*===
  68   479   384:=======*==
  70   246   301:======*
  72   200   235:====*
  74   205   183:===*=
  76   164   143:==*=
  78   113   111:==*
  80    90    86:=*
  82    83    66:=*
  84    30    52:=*
  86    47    40:*
  88    40    31:*          inset = represents 1 library sequences
  90    31    24:*
  92    13    19:*         :=============     *
  94    12    14:*         :============ *
  96    17    11:*         :==========*======
  98     4     9:*         :====    *
 100     3     7:*         :===   *
 102    11     5:*         :====*======
 104     5     4:*         :===*=
 106     1     3:*         := *
 108     0     2:*         : *
 110     2     2:*         :=*
 112     2     1:*         :*=
 114     0     1:*         :*
 116     1     1:*         :*
 118     0     1:*         :*
>120     1     1:*         :*
   696332 residues in 28274 sequences
Statistics: MLE_cen statistics: Lambda= 0.3606;  K=0.1322 (cen=999)
 statistics sampled from 28273 (28274) to 28273 sequences
 Kolmogorov-Smirnov  statistic: 0.0212 (N=29) at  36
Algorithm: Smith-Waterman (SSE2, Michael Farrar 2006) (7.1 Aug 2009)
Parameters: BL80 matrix (11:-6), open/ext: -10/-2
 Scan time:  0.040
!! No sequences with E() < 0.1
 13>>>lcl|ORF4287_ZT-469_1:155100:155059_unnamed_prote - 13 aa
Library: ./database/DRAMP.fa
   696332 residues in 28274 sequences

       opt      E()
< 20    28     0:=
  22    16     0:=          one = represents 47 library sequences
  24    24     0:=
  26    26     1:*
  28    78     6:*=
  30   114    39:*==
  32   236   151:===*==
  34   625   408:========*=====
  36  1070   839:=================*=====
  38  1660  1386:=============================*======
  40  1250  1934:===========================              *
  42  2809  2364:==================================================*=========
  44  1626  2608:===================================                    *
  46  2603  2656:========================================================*
  48  2194  2543:===============================================       *
  50  2332  2320:=================================================*
  52  2326  2040:===========================================*======
  54  1534  1742:=================================    *
  56  1777  1455:==============================*=======
  58  1091  1195:======================== *
  60  1189   968:====================*=====
  62   695   776:=============== *
  64   637   617:=============*
  66   639   488:==========*===
  68   396   384:========*
  70   442   301:======*===
  72   174   235:====*
  74   207   183:===*=
  76   120   143:===*
  78    81   111:==*
  80    77    86:=*
  82    46    66:=*
  84    55    52:=*
  86    14    40:*
  88    22    31:*          inset = represents 1 library sequences
  90    20    24:*
  92    10    19:*         :==========        *
  94    12    14:*         :============ *
  96     5    11:*         :=====     *
  98     3     9:*         :===     *
 100     2     7:*         :==    *
 102     3     5:*         :=== *
 104     1     4:*         :=  *
 106     3     3:*         :==*
 108     2     2:*         :=*
 110     0     2:*         : *
 112     0     1:*         :*
 114     0     1:*         :*
 116     0     1:*         :*
 118     0     1:*         :*
>120     0     1:*         :*
   696332 residues in 28274 sequences
Statistics: MLE_cen statistics: Lambda= 0.4444;  K=0.1911 (cen=999)
 statistics sampled from 28274 (28274) to 28274 sequences
 Kolmogorov-Smirnov  statistic: 0.0361 (N=29) at  38
Algorithm: Smith-Waterman (SSE2, Michael Farrar 2006) (7.1 Aug 2009)
Parameters: BL80 matrix (11:-6), open/ext: -10/-2
 Scan time:  0.050
!! No sequences with E() < 0.1
 14>>>lcl|ORF4370_ZT-469_1:144936:144901_unnamed_prote - 11 aa
Library: ./database/DRAMP.fa
   696332 residues in 28274 sequences

       opt      E()
< 20    15     0:=
  22     8     0:=          one = represents 43 library sequences
  24    13     0:=
  26    31     1:*
  28   106     6:*==
  30   215    39:*====
  32   252   151:===*==
  34   464   408:=========*=
  36  1450   839:===================*==============
  38  1172  1386:============================    *
  40  1834  1934:=========================================== *
  42  2283  2364:======================================================*
  44  1867  2608:============================================               *
  46  2013  2656:===============================================            *
  48  1816  2543:===========================================                *
  50  2580  2320:=====================================================*======
  52  1729  2040:=========================================      *
  54  1987  1742:========================================*======
  56  2326  1455:=================================*=====================
  58  1249  1195:===========================*==
  60  1260   968:======================*=======
  62   978   776:==================*====
  64   718   617:==============*==
  66   397   488:========== *
  68   389   384:========*=
  70   340   301:======*=
  72   233   235:=====*
  74   138   183:====*
  76   147   143:===*
  78    69   111:==*
  80    53    86:=*
  82    24    66:=*
  84    27    52:=*
  86    23    40:*
  88    17    31:*          inset = represents 1 library sequences
  90    17    24:*
  92    14    19:*         :==============    *
  94     6    14:*         :======       *
  96     2    11:*         :==        *
  98     2     9:*         :==      *
 100     5     7:*         :===== *
 102     0     5:*         :    *
 104     0     4:*         :   *
 106     1     3:*         := *
 108     0     2:*         : *
 110     4     2:*         :=*==
 112     0     1:*         :*
 114     0     1:*         :*
 116     0     1:*         :*
 118     0     1:*         :*
>120     0     1:*         :*
   696332 residues in 28274 sequences
Statistics: MLE_cen statistics: Lambda= 0.3529;  K=0.1143 (cen=999)
 statistics sampled from 28274 (28274) to 28274 sequences
 Kolmogorov-Smirnov  statistic: 0.0517 (N=29) at  52
Algorithm: Smith-Waterman (SSE2, Michael Farrar 2006) (7.1 Aug 2009)
Parameters: BL80 matrix (11:-6), open/ext: -10/-2
 Scan time:  0.040
!! No sequences with E() < 0.1
 15>>>lcl|ORF4374_ZT-469_1:144522:144469_unnamed_prote - 17 aa
Library: ./database/DRAMP.fa
   696332 residues in 28274 sequences

       opt      E()
< 20    15     0:=
  22    15     0:=          one = represents 46 library sequences
  24    20     0:=
  26    31     1:*
  28    40     6:*
  30    88    39:*=
  32   363   151:===*====
  34   435   408:========*=
  36   772   839:================= *
  38  2039  1386:==============================*==============
  40  1381  1934:===============================           *
  42  2701  2364:===================================================*=======
  44  2359  2608:====================================================    *
  46  2342  2656:===================================================      *
  48  2682  2543:=======================================================*===
  50  2123  2320:===============================================   *
  52  2003  2040:============================================*
  54  1646  1742:==================================== *
  56  1316  1455:=============================  *
  58  1339  1195:=========================*====
  60   978   968:=====================*
  62   554   776:=============   *
  64   749   617:=============*===
  66   485   488:==========*
  68   311   384:======= *
  70   336   301:======*=
  72   225   235:=====*
  74   198   183:===*=
  76   133   143:===*
  78   129   111:==*
  80   121    86:=*=
  82    92    66:=*
  84    59    52:=*
  86    74    40:*=
  88    24    31:*          inset = represents 1 library sequences
  90    40    24:*
  92    13    19:*         :=============     *
  94     8    14:*         :========     *
  96     7    11:*         :=======   *
  98     9     9:*         :========*
 100     3     7:*         :===   *
 102     7     5:*         :====*==
 104     1     4:*         :=  *
 106     0     3:*         :  *
 108     3     2:*         :=*=
 110     2     2:*         :=*
 112     0     1:*         :*
 114     1     1:*         :*
 116     1     1:*         :*
 118     1     1:*         :*
>120     0     1:*         :*
   696332 residues in 28274 sequences
Statistics: MLE_cen statistics: Lambda= 0.4014;  K= 0.167 (cen=999)
 statistics sampled from 28274 (28274) to 28274 sequences
 Kolmogorov-Smirnov  statistic: 0.0344 (N=29) at  38
Algorithm: Smith-Waterman (SSE2, Michael Farrar 2006) (7.1 Aug 2009)
Parameters: BL80 matrix (11:-6), open/ext: -10/-2
 Scan time:  0.040
!! No sequences with E() < 0.1
 16>>>lcl|ORF4449_ZT-469_1:135348:135313_unnamed_prote - 11 aa
Library: ./database/DRAMP.fa
   696332 residues in 28274 sequences

       opt      E()
< 20     7     0:=
  22     8     0:=          one = represents 49 library sequences
  24     6     0:=
  26    35     1:*
  28    35     6:*
  30    89    39:*=
  32   222   151:===*=
  34   692   408:========*======
  36   736   839:================ *
  38  2099  1386:============================*==============
  40  1833  1934:====================================== *
  42  1898  2364:=======================================         *
  44  2882  2607:=====================================================*=====
  46  2189  2656:=============================================         *
  48  2091  2542:===========================================        *
  50  2458  2320:===============================================*===
  52  1788  2040:=====================================    *
  54  1569  1742:=================================  *
  56  1728  1455:=============================*======
  58   939  1195:====================    *
  60  1038   968:===================*==
  62   901   776:===============*===
  64   351   617:========    *
  66   540   488:=========*==
  68   472   384:=======*==
  70   281   301:======*
  72   259   235:====*=
  74   208   183:===*=
  76    83   143:==*
  78   158   111:==*=
  80   199    86:=*===
  82   153    66:=*==
  84    82    52:=*
  86    69    40:*=
  88    33    31:*          inset = represents 1 library sequences
  90    29    24:*
  92    25    19:*         :==================*======
  94    11    14:*         :===========  *
  96    16    11:*         :==========*=====
  98    20     9:*         :========*===========
 100     9     7:*         :======*==
 102     4     5:*         :====*
 104     4     4:*         :===*
 106     2     3:*         :==*
 108     7     2:*         :=*=====
 110     2     2:*         :=*
 112     3     1:*         :*==
 114     1     1:*         :*
 116     1     1:*         :*
 118     2     1:*         :*=
>120     7     1:*         :*======
   696332 residues in 28274 sequences
Statistics: MLE_cen statistics: Lambda= 0.3921;  K=0.1806 (cen=999)
 statistics sampled from 28270 (28274) to 28270 sequences
 Kolmogorov-Smirnov  statistic: 0.0386 (N=29) at  38
Algorithm: Smith-Waterman (SSE2, Michael Farrar 2006) (7.1 Aug 2009)
Parameters: BL80 matrix (11:-6), open/ext: -10/-2
 Scan time:  0.040
!! No sequences with E() < 0.1
 17>>>lcl|ORF4568_ZT-469_1:121206:121162_unnamed_prote - 14 aa
Library: ./database/DRAMP.fa
   696332 residues in 28274 sequences

       opt      E()
< 20    12     0:=
  22     8     0:=          one = represents 43 library sequences
  24    16     0:=
  26    24     1:*
  28    38     6:*
  30    85    39:*=
  32   207   151:===*=
  34   470   408:=========*=
  36  1192   839:===================*========
  38  1589  1386:================================*====
  40  1803  1934:==========================================  *
  42  2469  2364:======================================================*===
  44  2391  2608:========================================================   *
  46  2526  2656:===========================================================*
  48  2190  2543:===================================================        *
  50  2209  2320:==================================================== *
  52  1812  2040:===========================================    *
  54  1814  1742:========================================*==
  56  1795  1455:=================================*========
  58  1194  1195:===========================*
  60  1121   968:======================*====
  62   689   776:================= *
  64   591   617:==============*
  66   499   488:===========*
  68   326   384:========*
  70   313   301:======*=
  72   278   235:=====*=
  74   129   183:=== *
  76    98   143:===*
  78    71   111:==*
  80    72    86:=*
  82    39    66:=*
  84    30    52:=*
  86    18    40:*
  88    15    31:*          inset = represents 2 library sequences
  90    13    24:*
  92    11    19:*         :======   *
  94    20    14:*         :======*===
  96    12    11:*         :=====*
  98     1     9:*         :=   *
 100     2     7:*         :=  *
 102    69     5:*=        :==*================================
 104     2     4:*         :=*
 106     1     3:*         :=*
 108     2     2:*         :*
 110     6     2:*         :*==
 112     0     1:*         :*
 114     1     1:*         :*
 116     1     1:*         :*
 118     0     1:*         :*
>120     0     1:*         :*
   696332 residues in 28274 sequences
Statistics: MLE_cen statistics: Lambda= 0.3519;  K=0.1498 (cen=999)
 statistics sampled from 28274 (28274) to 28274 sequences
 Kolmogorov-Smirnov  statistic: 0.0283 (N=29) at  38
Algorithm: Smith-Waterman (SSE2, Michael Farrar 2006) (7.1 Aug 2009)
Parameters: BL80 matrix (11:-6), open/ext: -10/-2
 Scan time:  0.040
!! No sequences with E() < 0.1
 18>>>lcl|ORF4756_ZT-469_1:100137:100102_unnamed_prote - 11 aa
Library: ./database/DRAMP.fa
   696332 residues in 28274 sequences

       opt      E()
< 20    21     0:=
  22    11     0:=          one = represents 50 library sequences
  24    13     0:=
  26    23     1:*
  28    41     6:*
  30    99    39:*=
  32   303   151:===*===
  34   456   408:========*=
  36  1112   839:================*======
  38  1019  1386:=====================      *
  40  2973  1934:======================================*=====================
  42  2132  2364:===========================================    *
  44  2068  2607:==========================================          *
  46  2236  2656:=============================================        *
  48  2205  2543:=============================================     *
  50  2576  2320:==============================================*=====
  52  1085  2040:======================                  *
  54  2135  1742:==================================*========
  56   935  1455:===================          *
  58  1574  1195:=======================*========
  60  1373   968:===================*========
  62   678   776:============== *
  64   536   617:=========== *
  66   447   488:=========*
  68   493   384:=======*==
  70   231   301:===== *
  72   290   235:====*=
  74   160   183:===*
  76   223   143:==*==
  78   146   111:==*
  80   138    86:=*=
  82   120    66:=*=
  84    82    52:=*
  86    73    40:*=
  88    29    31:*          inset = represents 2 library sequences
  90    48    24:*
  92    44    19:*         :=========*============
  94    55    14:*=        :======*=====================
  96    32    11:*         :=====*==========
  98    18     9:*         :====*====
 100    11     7:*         :===*==
 102     3     5:*         :==*
 104     3     4:*         :=*
 106     7     3:*         :=*==
 108     8     2:*         :*===
 110     3     2:*         :*=
 112     0     1:*         :*
 114     2     1:*         :*
 116     2     1:*         :*
 118     0     1:*         :*
>120     2     1:*         :*
   696332 residues in 28274 sequences
Statistics: MLE_cen statistics: Lambda= 0.4634;  K=0.2268 (cen=999)
 statistics sampled from 28272 (28274) to 28272 sequences
 Kolmogorov-Smirnov  statistic: 0.0455 (N=29) at  40
Algorithm: Smith-Waterman (SSE2, Michael Farrar 2006) (7.1 Aug 2009)
Parameters: BL80 matrix (11:-6), open/ext: -10/-2
 Scan time:  0.040
!! No sequences with E() < 0.1
 19>>>lcl|ORF4780_ZT-469_1:98001:97945_unnamed_prote - 18 aa
Library: ./database/DRAMP.fa
   696332 residues in 28274 sequences

       opt      E()
< 20    19     0:=
  22    10     0:=          one = represents 49 library sequences
  24    18     0:=
  26    30     1:*
  28    87     6:*=
  30   153    39:*===
  32   339   151:===*===
  34   776   408:========*=======
  36   912   839:=================*=
  38  1092  1386:=======================     *
  40  1819  1934:====================================== *
  42  1961  2364:=========================================       *
  44  2414  2608:==================================================   *
  46  2896  2656:======================================================*=====
  48  2279  2543:===============================================    *
  50  1962  2320:=========================================      *
  52  1752  2040:====================================     *
  54  1926  1742:===================================*====
  56  1478  1455:=============================*=
  58  1120  1195:======================= *
  60  1001   968:===================*=
  62   810   776:===============*=
  64   564   617:============*
  66   519   488:=========*=
  68   642   384:=======*======
  70   514   301:======*====
  72   387   235:====*===
  74   257   183:===*==
  76   197   143:==*==
  78   105   111:==*
  80    92    86:=*
  82    41    66:=*
  84    37    52:=*
  86    17    40:*
  88    15    31:*          inset = represents 1 library sequences
  90    12    24:*
  92     8    19:*         :========          *
  94     8    14:*         :========     *
  96     2    11:*         :==        *
  98     1     9:*         :=       *
 100     0     7:*         :      *
 102     0     5:*         :    *
 104     2     4:*         :== *
 106     0     3:*         :  *
 108     0     2:*         : *
 110     0     2:*         : *
 112     0     1:*         :*
 114     0     1:*         :*
 116     0     1:*         :*
 118     0     1:*         :*
>120     0     1:*         :*
   696332 residues in 28274 sequences
Statistics: MLE_cen statistics: Lambda= 0.3515;  K=0.09221 (cen=999)
 statistics sampled from 28274 (28274) to 28274 sequences
 Kolmogorov-Smirnov  statistic: 0.0312 (N=29) at  36
Algorithm: Smith-Waterman (SSE2, Michael Farrar 2006) (7.1 Aug 2009)
Parameters: BL80 matrix (11:-6), open/ext: -10/-2
 Scan time:  0.040
!! No sequences with E() < 0.1
 20>>>lcl|ORF4781_ZT-469_1:97929:97873_unnamed_prote - 18 aa
Library: ./database/DRAMP.fa
   696332 residues in 28274 sequences

       opt      E()
< 20     5     0:=
  22    11     0:=          one = represents 60 library sequences
  24    10     0:=
  26    24     1:*
  28    37     6:*
  30   113    39:*=
  32   261   151:==*==
  34   424   408:======*=
  36  1159   839:=============*======
  38  1088  1386:===================    *
  40  2083  1934:================================*==
  42  3554  2364:=======================================*====================
  44  1868  2607:================================           *
  46  2700  2656:============================================*
  48  2040  2543:==================================        *
  50  2085  2320:===================================   *
  52  2011  2040:=================================*
  54  1384  1742:========================     *
  56  1476  1455:========================*
  58  1263  1195:===================*==
  60   642   968:===========     *
  62   736   776:============*
  64   537   617:========= *
  66   392   488:======= *
  68   487   384:======*==
  70   357   301:=====*
  72   450   235:===*====
  74   261   183:===*=
  76   160   143:==*
  78   137   111:=*=
  80   119    86:=*
  82    83    66:=*
  84    78    52:*=
  86    59    40:*
  88    28    31:*          inset = represents 1 library sequences
  90    42    24:*
  92    25    19:*         :==================*======
  94    16    14:*         :=============*==
  96    22    11:*         :==========*===========
  98    15     9:*         :========*======
 100     5     7:*         :===== *
 102    11     5:*         :====*======
 104     5     4:*         :===*=
 106     2     3:*         :==*
 108     5     2:*         :=*===
 110     2     2:*         :=*
 112     0     1:*         :*
 114     0     1:*         :*
 116     0     1:*         :*
 118     1     1:*         :*
>120     1     1:*         :*
   696332 residues in 28274 sequences
Statistics: MLE_cen statistics: Lambda= 0.3971;  K=0.09072 (cen=999)
 statistics sampled from 28273 (28274) to 28273 sequences
 Kolmogorov-Smirnov  statistic: 0.0579 (N=29) at  42
Algorithm: Smith-Waterman (SSE2, Michael Farrar 2006) (7.1 Aug 2009)
Parameters: BL80 matrix (11:-6), open/ext: -10/-2
 Scan time:  0.040
!! No sequences with E() < 0.1
 21>>>lcl|ORF4810_ZT-469_1:95469:95425_unnamed_prote - 14 aa
Library: ./database/DRAMP.fa
   696332 residues in 28274 sequences

       opt      E()
< 20    20     0:=
  22    17     0:=          one = represents 44 library sequences
  24    35     0:=
  26    38     1:*
  28    76     6:*=
  30   121    39:*==
  32   294   151:===*===
  34   544   408:=========*===
  36   802   839:===================*
  38  1187  1386:===========================    *
  40  2160  1934:===========================================*======
  42  2064  2364:===============================================      *
  44  2613  2608:===========================================================*
  46  2570  2656:===========================================================*
  48  1843  2543:==========================================               *
  50  2425  2320:====================================================*===
  52  2523  2040:==============================================*===========
  54  1833  1742:=======================================*==
  56  1469  1455:=================================*
  58  1340  1195:===========================*===
  60   872   968:==================== *
  62   619   776:===============  *
  64   582   617:==============*
  66   613   488:===========*==
  68   461   384:========*==
  70   401   301:======*===
  72   162   235:==== *
  74   206   183:====*
  76   123   143:===*
  78    85   111:==*
  80    51    86:=*
  82    39    66:=*
  84    20    52:=*
  86    23    40:*
  88    10    31:*          inset = represents 1 library sequences
  90    14    24:*
  92     8    19:*         :========          *
  94     5    14:*         :=====        *
  96     2    11:*         :==        *
  98     2     9:*         :==      *
 100     0     7:*         :      *
 102     1     5:*         :=   *
 104     1     4:*         :=  *
 106     0     3:*         :  *
 108     0     2:*         : *
 110     0     2:*         : *
 112     0     1:*         :*
 114     0     1:*         :*
 116     0     1:*         :*
 118     0     1:*         :*
>120     0     1:*         :*
   696332 residues in 28274 sequences
Statistics: MLE_cen statistics: Lambda= 0.3545;  K=0.1561 (cen=999)
 statistics sampled from 28274 (28274) to 28274 sequences
 Kolmogorov-Smirnov  statistic: 0.0202 (N=29) at  48
Algorithm: Smith-Waterman (SSE2, Michael Farrar 2006) (7.1 Aug 2009)
Parameters: BL80 matrix (11:-6), open/ext: -10/-2
 Scan time:  0.040
!! No sequences with E() < 0.1
 22>>>lcl|ORF4831_ZT-469_1:93060:93016_unnamed_prote - 14 aa
Library: ./database/DRAMP.fa
   696332 residues in 28274 sequences

       opt      E()
< 20    16     0:=
  22     7     0:=          one = represents 54 library sequences
  24    15     0:=
  26    38     1:*
  28    43     6:*
  30   160    39:*==
  32   260   151:==*==
  34   523   408:=======*==
  36   744   839:============== *
  38  1814  1386:=========================*========
  40  1647  1934:===============================    *
  42  2138  2364:========================================   *
  44  2676  2607:================================================*=
  46  2138  2656:========================================         *
  48  3223  2542:===============================================*============
  50  1892  2320:====================================      *
  52  1678  2040:================================     *
  54  1866  1742:================================*==
  56  1182  1455:======================    *
  58  1658  1195:======================*========
  60   853   968:================ *
  62   537   776:==========    *
  64   836   617:===========*====
  66   364   488:=======  *
  68   459   384:=======*=
  70   518   301:=====*====
  72   172   235:====*
  74   221   183:===*=
  76   133   143:==*
  78   133   111:==*
  80    60    86:=*
  82    39    66:=*
  84    59    52:*=
  86    35    40:*
  88    29    31:*          inset = represents 1 library sequences
  90    23    24:*
  92    11    19:*         :===========       *
  94    30    14:*         :=============*================
  96    13    11:*         :==========*==
  98     7     9:*         :======= *
 100     4     7:*         :====  *
 102     5     5:*         :====*
 104     3     4:*         :===*
 106     3     3:*         :==*
 108     1     2:*         :=*
 110     2     2:*         :=*
 112     0     1:*         :*
 114     2     1:*         :*=
 116     0     1:*         :*
 118     0     1:*         :*
>120     4     1:*         :*===
   696332 residues in 28274 sequences
Statistics: MLE_cen statistics: Lambda= 0.4169;  K=0.2434 (cen=999)
 statistics sampled from 28270 (28274) to 28270 sequences
 Kolmogorov-Smirnov  statistic: 0.0274 (N=29) at  38
Algorithm: Smith-Waterman (SSE2, Michael Farrar 2006) (7.1 Aug 2009)
Parameters: BL80 matrix (11:-6), open/ext: -10/-2
 Scan time:  0.040
!! No sequences with E() < 0.1
 23>>>lcl|ORF4990_ZT-469_1:77139:77083_unnamed_prote - 18 aa
Library: ./database/DRAMP.fa
   696332 residues in 28274 sequences

       opt      E()
< 20    32     0:=
  22    29     0:=          one = represents 47 library sequences
  24    37     0:=
  26    29     1:*
  28    64     6:*=
  30    85    39:*=
  32   200   151:===*=
  34   634   408:========*=====
  36   934   839:=================*==
  38  1694  1386:=============================*=======
  40  2107  1934:=========================================*===
  42  1787  2364:=======================================           *
  44  2127  2608:==============================================         *
  46  2762  2656:========================================================*==
  48  2106  2543:=============================================         *
  50  2199  2320:===============================================  *
  52  2268  2040:===========================================*=====
  54  1783  1742:=====================================*
  56  1482  1455:==============================*=
  58  1800  1195:=========================*=============
  60  1008   968:====================*=
  62   695   776:=============== *
  64   552   617:============ *
  66   570   488:==========*==
  68   332   384:========*
  70   214   301:===== *
  72   189   235:====*
  74   127   183:===*
  76    90   143:== *
  78    90   111:==*
  80    58    86:=*
  82    37    66:=*
  84    41    52:=*
  86    37    40:*
  88    27    31:*          inset = represents 1 library sequences
  90     6    24:*
  92     9    19:*         :=========         *
  94    16    14:*         :=============*==
  96     2    11:*         :==        *
  98     5     9:*         :=====   *
 100     6     7:*         :======*
 102     1     5:*         :=   *
 104     2     4:*         :== *
 106     0     3:*         :  *
 108     0     2:*         : *
 110     0     2:*         : *
 112     0     1:*         :*
 114     0     1:*         :*
 116     0     1:*         :*
 118     1     1:*         :*
>120     0     1:*         :*
   696332 residues in 28274 sequences
Statistics: MLE_cen statistics: Lambda= 0.3663;  K=0.1376 (cen=999)
 statistics sampled from 28274 (28274) to 28274 sequences
 Kolmogorov-Smirnov  statistic: 0.0371 (N=29) at  40
Algorithm: Smith-Waterman (SSE2, Michael Farrar 2006) (7.1 Aug 2009)
Parameters: BL80 matrix (11:-6), open/ext: -10/-2
 Scan time:  0.050
!! No sequences with E() < 0.1
 24>>>lcl|ORF5224_ZT-469_1:51228:51184_unnamed_prote - 14 aa
Library: ./database/DRAMP.fa
   696332 residues in 28274 sequences

       opt      E()
< 20    13     0:=
  22     8     0:=          one = represents 48 library sequences
  24    23     0:=
  26    31     1:*
  28    76     6:*=
  30   176    39:*===
  32   290   151:===*===
  34   738   408:========*=======
  36   674   839:===============  *
  38  1594  1386:============================*=====
  40  1696  1934:====================================    *
  42  1773  2364:=====================================            *
  44  2144  2608:=============================================         *
  46  2022  2656:===========================================            *
  48  2859  2543:====================================================*=======
  50  2412  2320:================================================*==
  52  1615  2040:==================================        *
  54  2689  1742:====================================*====================
  56  1383  1455:============================= *
  58  1335  1195:========================*===
  60  1109   968:====================*===
  62   546   776:============    *
  64   729   617:============*===
  66   400   488:========= *
  68   515   384:=======*===
  70   330   301:======*
  72   284   235:====*=
  74   276   183:===*==
  76   113   143:==*
  78    97   111:==*
  80    76    86:=*
  82    31    66:=*
  84    51    52:=*
  86    61    40:*=
  88    32    31:*          inset = represents 1 library sequences
  90    12    24:*
  92    13    19:*         :=============     *
  94     6    14:*         :======       *
  96    10    11:*         :==========*
  98     7     9:*         :======= *
 100     2     7:*         :==    *
 102     8     5:*         :====*===
 104     6     4:*         :===*==
 106     3     3:*         :==*
 108     0     2:*         : *
 110     1     2:*         :=*
 112     2     1:*         :*=
 114     1     1:*         :*
 116     2     1:*         :*=
 118     0     1:*         :*
>120     0     1:*         :*
   696332 residues in 28274 sequences
Statistics: MLE_cen statistics: Lambda= 0.4252;  K= 0.282 (cen=999)
 statistics sampled from 28274 (28274) to 28274 sequences
 Kolmogorov-Smirnov  statistic: 0.0412 (N=29) at  52
Algorithm: Smith-Waterman (SSE2, Michael Farrar 2006) (7.1 Aug 2009)
Parameters: BL80 matrix (11:-6), open/ext: -10/-2
 Scan time:  0.040
!! No sequences with E() < 0.1
 25>>>lcl|ORF5371_ZT-469_1:35484:35437_unnamed_prote - 15 aa
Library: ./database/DRAMP.fa
   696332 residues in 28274 sequences

       opt      E()
< 20    16     0:=
  22     8     0:=          one = represents 51 library sequences
  24     7     0:=
  26    30     1:*
  28    66     6:*=
  30   159    39:*===
  32   246   151:==*==
  34   448   408:=======*=
  36  1333   839:================*==========
  38  1393  1386:===========================*
  40  1418  1934:============================         *
  42  3051  2364:==============================================*=============
  44  1782  2607:===================================                *
  46  2307  2656:==============================================      *
  48  2699  2543:=================================================*===
  50  1959  2320:=======================================      *
  52  2700  2040:=======================================*=============
  54  1640  1742:================================= *
  56  1124  1455:=======================     *
  58  1318  1195:=======================*==
  60   751   968:===============   *
  62   874   776:===============*==
  64  1062   617:============*========
  66   371   488:======== *
  68   457   384:=======*=
  70   279   301:=====*
  72   126   235:=== *
  74   164   183:===*
  76   121   143:==*
  78    89   111:==*
  80    79    86:=*
  82    43    66:=*
  84    39    52:=*
  86    33    40:*
  88    13    31:*          inset = represents 1 library sequences
  90    17    24:*
  92    15    19:*         :===============   *
  94     8    14:*         :========     *
  96    11    11:*         :==========*
  98     6     9:*         :======  *
 100     2     7:*         :==    *
 102     2     5:*         :==  *
 104     2     4:*         :== *
 106     3     3:*         :==*
 108     0     2:*         : *
 110     0     2:*         : *
 112     0     1:*         :*
 114     1     1:*         :*
 116     1     1:*         :*
 118     0     1:*         :*
>120     1     1:*         :*
   696332 residues in 28274 sequences
Statistics: MLE_cen statistics: Lambda= 0.4058;  K=0.1258 (cen=999)
 statistics sampled from 28273 (28274) to 28273 sequences
 Kolmogorov-Smirnov  statistic: 0.0365 (N=29) at  42
Algorithm: Smith-Waterman (SSE2, Michael Farrar 2006) (7.1 Aug 2009)
Parameters: BL80 matrix (11:-6), open/ext: -10/-2
 Scan time:  0.040
!! No sequences with E() < 0.1
 26>>>lcl|ORF5625_ZT-469_1:8241:8194_unnamed_prote - 15 aa
Library: ./database/DRAMP.fa
   696332 residues in 28274 sequences

       opt      E()
< 20     3     0:=
  22    10     0:=          one = represents 46 library sequences
  24     6     0:=
  26    16     1:*
  28    36     6:*
  30    77    39:*=
  32   273   151:===*==
  34   582   408:========*====
  36  1184   839:==================*=======
  38  1512  1386:==============================*==
  40  1905  1934:==========================================*
  42  2140  2364:===============================================    *
  44  2069  2608:=============================================           *
  46  2746  2656:=========================================================*==
  48  2118  2543:===============================================        *
  50  2010  2320:============================================      *
  52  2116  2040:============================================*=
  54  1443  1742:================================     *
  56  2006  1455:===============================*============
  58  1128  1195:=========================*
  60   869   968:===================  *
  62   854   776:================*==
  64   977   617:=============*========
  66   515   488:==========*=
  68   446   384:========*=
  70   298   301:======*
  72   284   235:=====*=
  74   184   183:===*
  76   123   143:===*
  78    84   111:==*
  80    51    86:=*
  82    70    66:=*
  84    42    52:=*
  86    23    40:*
  88    24    31:*          inset = represents 1 library sequences
  90    14    24:*
  92     6    19:*         :======            *
  94    14    14:*         :=============*
  96     3    11:*         :===       *
  98     3     9:*         :===     *
 100     2     7:*         :==    *
 102     1     5:*         :=   *
 104     1     4:*         :=  *
 106     1     3:*         := *
 108     1     2:*         :=*
 110     2     2:*         :=*
 112     2     1:*         :*=
 114     0     1:*         :*
 116     0     1:*         :*
 118     0     1:*         :*
>120     0     1:*         :*
   696332 residues in 28274 sequences
Statistics: MLE_cen statistics: Lambda= 0.3199;  K= 0.103 (cen=999)
 statistics sampled from 28274 (28274) to 28274 sequences
 Kolmogorov-Smirnov  statistic: 0.0306 (N=29) at  38
Algorithm: Smith-Waterman (SSE2, Michael Farrar 2006) (7.1 Aug 2009)
Parameters: BL80 matrix (11:-6), open/ext: -10/-2
 Scan time:  0.040
!! No sequences with E() < 0.1
 27>>>lcl|ORF5831_ZT-469_1:150782:150726_unnamed_prote - 18 aa
Library: ./database/DRAMP.fa
   696332 residues in 28274 sequences

       opt      E()
< 20    17     0:=
  22    13     0:=          one = represents 59 library sequences
  24    25     0:=
  26    39     1:*
  28    77     6:*=
  30   150    39:*==
  32   212   151:==*=
  34   444   408:======*=
  36  1320   839:==============*========
  38  1818  1386:=======================*=======
  40  1285  1934:======================          *
  42  2190  2364:======================================  *
  44  2300  2608:=======================================     *
  46  2019  2656:===================================          *
  48  3515  2543:===========================================*================
  50  2298  2320:=======================================*
  52  1790  2040:===============================   *
  54  1938  1742:=============================*===
  56  1263  1455:======================  *
  58   997  1195:=================   *
  60  1028   968:================*=
  62   669   776:============ *
  64   596   617:==========*
  66   580   488:========*=
  68   276   384:===== *
  70   427   301:=====*==
  72   223   235:===*
  74   193   183:===*
  76   176   143:==*
  78   124   111:=*=
  80    90    86:=*
  82    53    66:=*
  84    38    52:*
  86    20    40:*
  88    23    31:*          inset = represents 1 library sequences
  90     6    24:*
  92    12    19:*         :============      *
  94     6    14:*         :======       *
  96     8    11:*         :========  *
  98     5     9:*         :=====   *
 100     3     7:*         :===   *
 102     4     5:*         :====*
 104     2     4:*         :== *
 106     0     3:*         :  *
 108     1     2:*         :=*
 110     0     2:*         : *
 112     1     1:*         :*
 114     0     1:*         :*
 116     0     1:*         :*
 118     0     1:*         :*
>120     0     1:*         :*
   696332 residues in 28274 sequences
Statistics: MLE_cen statistics: Lambda= 0.3929;  K=0.1003 (cen=999)
 statistics sampled from 28274 (28274) to 28274 sequences
 Kolmogorov-Smirnov  statistic: 0.0449 (N=29) at  38
Algorithm: Smith-Waterman (SSE2, Michael Farrar 2006) (7.1 Aug 2009)
Parameters: BL80 matrix (11:-6), open/ext: -10/-2
 Scan time:  0.040
!! No sequences with E() < 0.1
 28>>>lcl|ORF5881_ZT-469_1:145997:145956_unnamed_prote - 13 aa
Library: ./database/DRAMP.fa
   696332 residues in 28274 sequences

       opt      E()
< 20     3     0:=
  22     5     0:=          one = represents 45 library sequences
  24     5     0:=
  26    14     1:*
  28    27     6:*
  30    66    39:*=
  32   213   151:===*=
  34   407   408:=========*
  36  1367   839:==================*============
  38  1386  1386:==============================*
  40  1973  1934:==========================================*=
  42  2641  2364:====================================================*======
  44  2226  2608:==================================================       *
  46  2096  2656:===============================================            *
  48  2430  2543:======================================================  *
  50  2668  2320:===================================================*========
  52  1973  2040:============================================ *
  54  1666  1742:======================================*
  56  1384  1455:=============================== *
  58  1592  1195:==========================*=========
  60   898   968:==================== *
  62   718   776:================ *
  64   716   617:=============*==
  66   498   488:==========*=
  68   354   384:========*
  70   228   301:======*
  72   175   235:==== *
  74   156   183:====*
  76    92   143:===*
  78    92   111:==*
  80    52    86:=*
  82    32    66:=*
  84    40    52:=*
  86    23    40:*
  88    12    31:*          inset = represents 1 library sequences
  90    13    24:*
  92    17    19:*         :================= *
  94     7    14:*         :=======      *
  96     4    11:*         :====      *
  98     2     9:*         :==      *
 100     1     7:*         :=     *
 102     1     5:*         :=   *
 104     0     4:*         :   *
 106     0     3:*         :  *
 108     0     2:*         : *
 110     0     2:*         : *
 112     0     1:*         :*
 114     0     1:*         :*
 116     1     1:*         :*
 118     0     1:*         :*
>120     0     1:*         :*
   696332 residues in 28274 sequences
Statistics: MLE_cen statistics: Lambda= 0.3647;  K=0.1629 (cen=999)
 statistics sampled from 28274 (28274) to 28274 sequences
 Kolmogorov-Smirnov  statistic: 0.0345 (N=29) at  42
Algorithm: Smith-Waterman (SSE2, Michael Farrar 2006) (7.1 Aug 2009)
Parameters: BL80 matrix (11:-6), open/ext: -10/-2
 Scan time:  0.040
!! No sequences with E() < 0.1
 29>>>lcl|ORF5902_ZT-469_1:144131:144078_unnamed_prote - 17 aa
Library: ./database/DRAMP.fa
   696332 residues in 28274 sequences

       opt      E()
< 20     6     0:=
  22    23     0:=          one = represents 45 library sequences
  24     7     0:=
  26    17     1:*
  28    69     6:*=
  30   190    39:*====
  32   384   151:===*=====
  34   485   408:=========*=
  36   648   839:===============   *
  38  1407  1386:==============================*=
  40  1830  1934:========================================= *
  42  2312  2364:====================================================*
  44  2607  2608:=========================================================*
  46  2689  2656:===========================================================*
  48  2252  2543:===================================================     *
  50  2129  2320:================================================   *
  52  2073  2040:=============================================*=
  54  1570  1742:===================================   *
  56  1625  1455:================================*====
  58  1268  1195:==========================*==
  60   905   968:=====================*
  62  1043   776:=================*======
  64   544   617:=============*
  66   528   488:==========*=
  68   398   384:========*
  70   296   301:======*
  72   218   235:=====*
  74   162   183:====*
  76   154   143:===*
  78   129   111:==*
  80    90    86:=*
  82    53    66:=*
  84    38    52:=*
  86    35    40:*
  88    20    31:*          inset = represents 1 library sequences
  90    31    24:*
  92    11    19:*         :===========       *
  94     9    14:*         :=========    *
  96     8    11:*         :========  *
  98     1     9:*         :=       *
 100     1     7:*         :=     *
 102     3     5:*         :=== *
 104     1     4:*         :=  *
 106     2     3:*         :==*
 108     1     2:*         :=*
 110     0     2:*         : *
 112     1     1:*         :*
 114     0     1:*         :*
 116     1     1:*         :*
 118     0     1:*         :*
>120     0     1:*         :*
   696332 residues in 28274 sequences
Statistics: MLE_cen statistics: Lambda= 0.3285;  K=0.1106 (cen=999)
 statistics sampled from 28274 (28274) to 28274 sequences
 Kolmogorov-Smirnov  statistic: 0.0202 (N=29) at  34
Algorithm: Smith-Waterman (SSE2, Michael Farrar 2006) (7.1 Aug 2009)
Parameters: BL80 matrix (11:-6), open/ext: -10/-2
 Scan time:  0.040
!! No sequences with E() < 0.1
 30>>>lcl|ORF5909_ZT-469_1:143399:143343_unnamed_prote - 18 aa
Library: ./database/DRAMP.fa
   696332 residues in 28274 sequences

       opt      E()
< 20     7     0:=
  22    23     0:=          one = represents 43 library sequences
  24    12     0:=
  26    50     1:*=
  28    67     6:*=
  30   137    39:*===
  32   220   151:===*==
  34   556   408:=========*===
  36   929   839:===================*==
  38  1730  1386:================================*========
  40  1885  1934:============================================*
  42  2204  2364:====================================================  *
  44  2384  2607:========================================================   *
  46  2532  2656:===========================================================*
  48  2339  2543:=======================================================    *
  50  1893  2320:=============================================        *
  52  1815  2040:===========================================    *
  54  1909  1742:========================================*====
  56  1412  1455:=================================*
  58  1206  1195:===========================*=
  60   987   968:======================*
  62   818   776:==================*=
  64   638   617:==============*
  66   441   488:===========*
  68   492   384:========*===
  70   357   301:======*==
  72   200   235:=====*
  74   285   183:====*==
  76   292   143:===*===
  78   124   111:==*
  80   114    86:=*=
  82    68    66:=*
  84    42    52:=*
  86    34    40:*
  88    18    31:*          inset = represents 1 library sequences
  90    12    24:*
  92    20    19:*         :==================*=
  94     8    14:*         :========     *
  96     6    11:*         :======    *
  98     1     9:*         :=       *
 100     1     7:*         :=     *
 102     1     5:*         :=   *
 104     0     4:*         :   *
 106     1     3:*         := *
 108     2     2:*         :=*
 110     0     2:*         : *
 112     0     1:*         :*
 114     0     1:*         :*
 116     0     1:*         :*
 118     0     1:*         :*
>120     2     1:*         :*=
   696332 residues in 28274 sequences
Statistics: MLE_cen statistics: Lambda= 0.3461;  K=0.1145 (cen=999)
 statistics sampled from 28272 (28274) to 28272 sequences
 Kolmogorov-Smirnov  statistic: 0.0316 (N=29) at  38
Algorithm: Smith-Waterman (SSE2, Michael Farrar 2006) (7.1 Aug 2009)
Parameters: BL80 matrix (11:-6), open/ext: -10/-2
 Scan time:  0.040
!! No sequences with E() < 0.1
 31>>>lcl|ORF5962_ZT-469_1:137591:137559_unnamed_prote - 10 aa
Library: ./database/DRAMP.fa
   696332 residues in 28274 sequences

       opt      E()
< 20     5     0:=
  22     6     0:=          one = represents 41 library sequences
  24    14     0:=
  26    13     1:*
  28    29     6:*
  30   151    39:*===
  32   322   151:===*====
  34   554   408:=========*====
  36   933   839:====================*==
  38  1806  1386:=================================*===========
  40  1780  1934:============================================   *
  42  2334  2364:=========================================================*
  44  2342  2608:========================================================== *
  46  2402  2656:===========================================================*
  48  1937  2543:================================================           *
  50  1913  2320:===============================================         *
  52  2005  2040:=================================================*
  54  1164  1742:=============================             *
  56  1217  1455:==============================     *
  58   967  1195:========================     *
  60   956   968:=======================*
  62  1016   776:==================*======
  64   788   617:===============*====
  66   472   488:===========*
  68   656   384:=========*======
  70   678   301:=======*=========
  72   524   235:=====*=======
  74   286   183:====*==
  76   177   143:===*=
  78   212   111:==*===
  80   173    86:==*==
  82   179    66:=*===
  84    51    52:=*
  86    48    40:*=
  88    31    31:*          inset = represents 1 library sequences
  90    28    24:*
  92    30    19:*         :==================*===========
  94    17    14:*         :=============*===
  96    11    11:*         :==========*
  98     9     9:*         :========*
 100     5     7:*         :===== *
 102     9     5:*         :====*====
 104    13     4:*         :===*=========
 106     3     3:*         :==*
 108     5     2:*         :=*===
 110     1     2:*         :=*
 112     0     1:*         :*
 114     0     1:*         :*
 116     2     1:*         :*=
 118     0     1:*         :*
>120     0     1:*         :*
   696332 residues in 28274 sequences
Statistics: MLE_cen statistics: Lambda= 0.3079;  K=0.08557 (cen=999)
 statistics sampled from 28274 (28274) to 28274 sequences
 Kolmogorov-Smirnov  statistic: 0.0640 (N=29) at  60
Algorithm: Smith-Waterman (SSE2, Michael Farrar 2006) (7.1 Aug 2009)
Parameters: BL80 matrix (11:-6), open/ext: -10/-2
 Scan time:  0.040
!! No sequences with E() < 0.1
 32>>>lcl|ORF6204_ZT-469_1:111008:110967_unnamed_prote - 13 aa
Library: ./database/DRAMP.fa
   696332 residues in 28274 sequences

       opt      E()
< 20    26     0:=
  22    17     0:=          one = represents 49 library sequences
  24    19     0:=
  26    25     1:*
  28    55     6:*=
  30   113    39:*==
  32   322   151:===*===
  34   361   408:========*
  36  1471   839:=================*=============
  38  1290  1386:=========================== *
  40  1713  1934:===================================    *
  42  2274  2364:=============================================== *
  44  2132  2608:============================================         *
  46  2770  2656:======================================================*==
  48  1831  2543:======================================             *
  50  2682  2320:===============================================*=======
  52  1522  2040:================================         *
  54  2922  1742:===================================*========================
  56  1323  1455:===========================  *
  58  1146  1195:========================*
  60   824   968:=================  *
  62   612   776:=============  *
  64   869   617:============*=====
  66   352   488:======== *
  68   408   384:=======*=
  70   241   301:===== *
  72   212   235:====*
  74   120   183:===*
  76   164   143:==*=
  78   104   111:==*
  80    66    86:=*
  82   111    66:=*=
  84    46    52:=*
  86    48    40:*
  88    12    31:*          inset = represents 1 library sequences
  90    21    24:*
  92     9    19:*         :=========         *
  94    11    14:*         :===========  *
  96     7    11:*         :=======   *
  98     2     9:*         :==      *
 100     6     7:*         :======*
 102     0     5:*         :    *
 104     4     4:*         :===*
 106     1     3:*         := *
 108     4     2:*         :=*==
 110     1     2:*         :=*
 112     1     1:*         :*
 114     0     1:*         :*
 116     1     1:*         :*
 118     2     1:*         :*=
>120     1     1:*         :*
   696332 residues in 28274 sequences
Statistics: MLE_cen statistics: Lambda= 0.4598;  K=0.3076 (cen=999)
 statistics sampled from 28274 (28274) to 28274 sequences
 Kolmogorov-Smirnov  statistic: 0.0332 (N=29) at  36
Algorithm: Smith-Waterman (SSE2, Michael Farrar 2006) (7.1 Aug 2009)
Parameters: BL80 matrix (11:-6), open/ext: -10/-2
 Scan time:  0.040
!! No sequences with E() < 0.1
 33>>>lcl|ORF6375_ZT-469_1:92081:92046_unnamed_prote - 11 aa
Library: ./database/DRAMP.fa
   696332 residues in 28274 sequences

       opt      E()
< 20     6     0:=
  22     5     0:=          one = represents 41 library sequences
  24     7     0:=
  26    30     1:*
  28    58     6:*=
  30   117    39:*==
  32   277   151:===*===
  34   486   408:=========*==
  36  1153   839:====================*========
  38  1406  1386:=================================*=
  40  2353  1934:===============================================*==========
  42  2410  2364:=========================================================*=
  44  2177  2608:======================================================     *
  46  2279  2656:========================================================   *
  48  2299  2543:=========================================================  *
  50  1563  2320:=======================================                 *
  52  1551  2040:======================================           *
  54  1669  1742:========================================= *
  56  1201  1455:==============================     *
  58   776  1195:===================          *
  60   915   968:=======================*
  62   665   776:================= *
  64   814   617:===============*====
  66   955   488:===========*============
  68  1030   384:=========*================
  70   764   301:=======*===========
  72   442   235:=====*=====
  74   257   183:====*==
  76   146   143:===*
  78    94   111:==*
  80   117    86:==*
  82   105    66:=*=
  84    45    52:=*
  86    22    40:*
  88    20    31:*          inset = represents 1 library sequences
  90    16    24:*
  92    13    19:*         :=============     *
  94     6    14:*         :======       *
  96     4    11:*         :====      *
  98     6     9:*         :======  *
 100     2     7:*         :==    *
 102     5     5:*         :====*
 104     5     4:*         :===*=
 106     1     3:*         := *
 108     0     2:*         : *
 110     0     2:*         : *
 112     0     1:*         :*
 114     2     1:*         :*=
 116     0     1:*         :*
 118     0     1:*         :*
>120     0     1:*         :*
   696332 residues in 28274 sequences
Statistics: MLE_cen statistics: Lambda= 0.3178;  K=0.09203 (cen=999)
 statistics sampled from 28274 (28274) to 28274 sequences
 Kolmogorov-Smirnov  statistic: 0.0720 (N=29) at  62
Algorithm: Smith-Waterman (SSE2, Michael Farrar 2006) (7.1 Aug 2009)
Parameters: BL80 matrix (11:-6), open/ext: -10/-2
 Scan time:  0.040
!! No sequences with E() < 0.1
 34>>>lcl|ORF7009_ZT-469_1:29546:29505_unnamed_prote - 13 aa
Library: ./database/DRAMP.fa
   696332 residues in 28274 sequences

       opt      E()
< 20     7     0:=
  22     9     0:=          one = represents 50 library sequences
  24     8     0:=
  26    39     1:*
  28    54     6:*=
  30   107    39:*==
  32   218   151:===*=
  34   368   408:========*
  36  1194   839:================*=======
  38  1671  1386:===========================*======
  40  1643  1934:=================================     *
  42  2945  2364:===============================================*===========
  44  2192  2607:============================================        *
  46  2572  2656:==================================================== *
  48  2635  2542:==================================================*==
  50  1493  2320:==============================                *
  52  2475  2040:========================================*=========
  54  1632  1742:================================= *
  56  1088  1455:======================       *
  58  1239  1195:=======================*=
  60   654   968:==============     *
  62   822   776:===============*=
  64   705   617:============*==
  66   430   488:=========*
  68   425   384:=======*=
  70   318   301:======*
  72   340   235:====*==
  74   284   183:===*==
  76   129   143:==*
  78   127   111:==*
  80    88    86:=*
  82    89    66:=*
  84    58    52:=*
  86    48    40:*
  88    54    31:*=         inset = represents 1 library sequences
  90    27    24:*
  92    14    19:*         :==============    *
  94    17    14:*         :=============*===
  96    12    11:*         :==========*=
  98     7     9:*         :======= *
 100     0     7:*         :      *
 102     4     5:*         :====*
 104     8     4:*         :===*====
 106     3     3:*         :==*
 108     4     2:*         :=*==
 110     7     2:*         :=*=====
 112     2     1:*         :*=
 114     2     1:*         :*=
 116     1     1:*         :*
 118     2     1:*         :*=
>120     4     1:*         :*===
   696332 residues in 28274 sequences
Statistics: MLE_cen statistics: Lambda= 0.4164;  K=0.1602 (cen=999)
 statistics sampled from 28271 (28274) to 28271 sequences
 Kolmogorov-Smirnov  statistic: 0.0399 (N=29) at  42
Algorithm: Smith-Waterman (SSE2, Michael Farrar 2006) (7.1 Aug 2009)
Parameters: BL80 matrix (11:-6), open/ext: -10/-2
 Scan time:  0.040
!! No sequences with E() < 0.1
 35>>>lcl|ORF7127_ZT-469_1:18395:18360_unnamed_prote - 11 aa
Library: ./database/DRAMP.fa
   696332 residues in 28274 sequences

       opt      E()
< 20    15     0:=
  22     5     0:=          one = represents 45 library sequences
  24     9     0:=
  26    22     1:*
  28   120     6:*==
  30   144    39:*===
  32   432   151:===*======
  34   550   408:=========*===
  36   938   839:==================*==
  38  1286  1386:============================= *
  40  2182  1933:==========================================*======
  42  1869  2363:==========================================          *
  44  1477  2607:=================================                        *
  46  2665  2655:==========================================================*=
  48  2097  2542:===============================================         *
  50  1571  2320:===================================                *
  52  2617  2039:=============================================*=============
  54  1737  1742:======================================*
  56  1639  1455:================================*====
  58  2077  1195:==========================*====================
  60   880   968:==================== *
  62   763   776:=================*
  64   753   617:=============*===
  66   532   488:==========*=
  68   546   384:========*====
  70   431   301:======*===
  72   152   235:==== *
  74   201   183:====*
  76   133   143:===*
  78    89   111:==*
  80    90    86:=*
  82    60    66:=*
  84    44    52:=*
  86    23    40:*
  88    33    31:*          inset = represents 1 library sequences
  90    13    24:*
  92    16    19:*         :================  *
  94     9    14:*         :=========    *
  96    11    11:*         :==========*
  98     2     9:*         :==      *
 100     4     7:*         :====  *
 102     3     5:*         :=== *
 104     3     4:*         :===*
 106     2     3:*         :==*
 108     1     2:*         :=*
 110     2     2:*         :=*
 112     1     1:*         :*
 114     5     1:*         :*====
 116     5     1:*         :*====
 118     2     1:*         :*=
>120    13     1:*         :*============
   696332 residues in 28274 sequences
Statistics: MLE_cen statistics: Lambda= 0.4016;  K=0.2392 (cen=999)
 statistics sampled from 28266 (28274) to 28266 sequences
 Kolmogorov-Smirnov  statistic: 0.0666 (N=29) at  50
Algorithm: Smith-Waterman (SSE2, Michael Farrar 2006) (7.1 Aug 2009)
Parameters: BL80 matrix (11:-6), open/ext: -10/-2
 Scan time:  0.040
!! No sequences with E() < 0.1
 36>>>lcl|ORF7290_ZT-469_1:185:150_unnamed_prote - 11 aa
Library: ./database/DRAMP.fa
   696332 residues in 28274 sequences

       opt      E()
< 20    19     0:=
  22    19     0:=          one = represents 43 library sequences
  24    33     0:=
  26    46     1:*=
  28   130     6:*===
  30   168    39:*===
  32   359   151:===*=====
  34   583   408:=========*====
  36   742   839:================== *
  38  1307  1386:=============================== *
  40  2080  1934:============================================*====
  42  2003  2364:===============================================       *
  44  2026  2608:================================================           *
  46  2334  2656:=======================================================    *
  48  1840  2543:===========================================                *
  50  2527  2320:=====================================================*=====
  52  2510  2040:===============================================*===========
  54  1674  1742:======================================= *
  56  1976  1455:=================================*============
  58  1471  1195:===========================*=======
  60   904   968:======================*
  62   982   776:==================*====
  64   674   617:==============*=
  66   442   488:===========*
  68   304   384:========*
  70   353   301:======*==
  72   257   235:=====*
  74   140   183:====*
  76   109   143:===*
  78    75   111:==*
  80    50    86:=*
  82    34    66:=*
  84    32    52:=*
  86    17    40:*
  88    19    31:*          inset = represents 1 library sequences
  90     8    24:*
  92     6    19:*         :======            *
  94     3    14:*         :===          *
  96     6    11:*         :======    *
  98     2     9:*         :==      *
 100     5     7:*         :===== *
 102     1     5:*         :=   *
 104     1     4:*         :=  *
 106     2     3:*         :==*
 108     1     2:*         :=*
 110     0     2:*         : *
 112     0     1:*         :*
 114     0     1:*         :*
 116     0     1:*         :*
 118     0     1:*         :*
>120     0     1:*         :*
   696332 residues in 28274 sequences
Statistics: MLE_cen statistics: Lambda= 0.3538;  K=0.1842 (cen=999)
 statistics sampled from 28274 (28274) to 28274 sequences
 Kolmogorov-Smirnov  statistic: 0.0447 (N=29) at  48
Algorithm: Smith-Waterman (SSE2, Michael Farrar 2006) (7.1 Aug 2009)
Parameters: BL80 matrix (11:-6), open/ext: -10/-2
 Scan time:  0.040
!! No sequences with E() < 0.1
 37>>>lcl|ORF7526_ZT-469_1:132076:132020_unnamed_prote - 18 aa
Library: ./database/DRAMP.fa
   696332 residues in 28274 sequences

       opt      E()
< 20    23     0:=
  22    20     0:=          one = represents 50 library sequences
  24    34     0:=
  26    30     1:*
  28    64     6:*=
  30   106    39:*==
  32   231   151:===*=
  34   429   408:========*
  36  1128   839:================*======
  38  1390  1386:===========================*
  40  2312  1934:======================================*========
  42  2430  2364:===============================================*=
  44  2093  2608:==========================================          *
  46  2981  2656:=====================================================*======
  48  1888  2543:======================================            *
  50  2082  2320:==========================================    *
  52  1960  2040:========================================*
  54  1314  1742:===========================       *
  56  1593  1455:=============================*==
  58  1106  1195:=======================*
  60  1073   968:===================*==
  62  1077   776:===============*======
  64   444   617:=========   *
  66   748   488:=========*=====
  68   366   384:=======*
  70   337   301:======*
  72   272   235:====*=
  74   150   183:===*
  76   175   143:==*=
  78    84   111:==*
  80    98    86:=*
  82    72    66:=*
  84    42    52:=*
  86    39    40:*
  88    24    31:*          inset = represents 1 library sequences
  90    21    24:*
  92     6    19:*         :======            *
  94     5    14:*         :=====        *
  96    10    11:*         :==========*
  98     2     9:*         :==      *
 100     3     7:*         :===   *
 102     3     5:*         :=== *
 104     2     4:*         :== *
 106     3     3:*         :==*
 108     0     2:*         : *
 110     0     2:*         : *
 112     1     1:*         :*
 114     0     1:*         :*
 116     3     1:*         :*==
 118     0     1:*         :*
>120     0     1:*         :*
   696332 residues in 28274 sequences
Statistics: MLE_cen statistics: Lambda= 0.4275;  K= 0.176 (cen=999)
 statistics sampled from 28274 (28274) to 28274 sequences
 Kolmogorov-Smirnov  statistic: 0.0370 (N=29) at  42
Algorithm: Smith-Waterman (SSE2, Michael Farrar 2006) (7.1 Aug 2009)
Parameters: BL80 matrix (11:-6), open/ext: -10/-2
 Scan time:  0.040
!! No sequences with E() < 0.1
 38>>>lcl|ORF7620_ZT-469_1:121369:121319_unnamed_prote - 16 aa
Library: ./database/DRAMP.fa
   696332 residues in 28274 sequences

       opt      E()
< 20     4     0:=
  22     3     0:=          one = represents 47 library sequences
  24     4     0:=
  26    14     1:*
  28    59     6:*=
  30   109    39:*==
  32   192   151:===*=
  34   635   408:========*=====
  36  1019   839:=================*====
  38  1121  1386:========================     *
  40  2048  1934:=========================================*==
  42  2766  2364:==================================================*========
  44  2500  2608:====================================================== *
  46  2489  2656:=====================================================   *
  48  2289  2543:=================================================     *
  50  2498  2320:=================================================*====
  52  1784  2040:======================================     *
  54  1600  1742:===================================  *
  56  1577  1455:==============================*===
  58  1531  1195:=========================*=======
  60   964   968:====================*
  62   645   776:==============  *
  64   605   617:=============*
  66   404   488:========= *
  68   328   384:======= *
  70   258   301:======*
  72   213   235:====*
  74   135   183:===*
  76   149   143:===*
  78    74   111:==*
  80    66    86:=*
  82    27    66:=*
  84    35    52:=*
  86    32    40:*
  88    18    31:*          inset = represents 1 library sequences
  90    15    24:*
  92     9    19:*         :=========         *
  94    20    14:*         :=============*======
  96     7    11:*         :=======   *
  98     9     9:*         :========*
 100     8     7:*         :======*=
 102     7     5:*         :====*==
 104     0     4:*         :   *
 106     2     3:*         :==*
 108     1     2:*         :=*
 110     0     2:*         : *
 112     0     1:*         :*
 114     1     1:*         :*
 116     0     1:*         :*
 118     0     1:*         :*
>120     0     1:*         :*
   696332 residues in 28274 sequences
Statistics: MLE_cen statistics: Lambda= 0.3493;  K=0.1137 (cen=999)
 statistics sampled from 28274 (28274) to 28274 sequences
 Kolmogorov-Smirnov  statistic: 0.0298 (N=29) at  42
Algorithm: Smith-Waterman (SSE2, Michael Farrar 2006) (7.1 Aug 2009)
Parameters: BL80 matrix (11:-6), open/ext: -10/-2
 Scan time:  0.040
!! No sequences with E() < 0.1
 39>>>lcl|ORF7717_ZT-469_1:111439:111404_unnamed_prote - 11 aa
Library: ./database/DRAMP.fa
   696332 residues in 28274 sequences

       opt      E()
< 20    25     0:=
  22     8     0:=          one = represents 45 library sequences
  24    25     0:=
  26    28     1:*
  28    80     6:*=
  30   110    39:*==
  32   329   151:===*====
  34   388   408:=========*
  36  1458   839:==================*==============
  38  1318  1386:==============================*
  40  1428  1934:================================          *
  42  2619  2364:====================================================*======
  44  1618  2608:====================================                     *
  46  2327  2656:====================================================       *
  48  2444  2543:======================================================= *
  50  2255  2320:===================================================*
  52  2653  2040:=============================================*=============
  54  1574  1742:===================================   *
  56  1633  1455:================================*====
  58  1005  1195:=======================   *
  60   942   968:=====================*
  62   857   776:=================*==
  64   608   617:=============*
  66   640   488:==========*====
  68   275   384:======= *
  70   394   301:======*==
  72   241   235:=====*
  74   181   183:====*
  76   348   143:===*====
  78    95   111:==*
  80    67    86:=*
  82    42    66:=*
  84    40    52:=*
  86   140    40:*===
  88    28    31:*          inset = represents 1 library sequences
  90    15    24:*
  92     4    19:*         :====              *
  94    10    14:*         :==========   *
  96     6    11:*         :======    *
  98     3     9:*         :===     *
 100     5     7:*         :===== *
 102     1     5:*         :=   *
 104     4     4:*         :===*
 106     2     3:*         :==*
 108     0     2:*         : *
 110     0     2:*         : *
 112     1     1:*         :*
 114     0     1:*         :*
 116     0     1:*         :*
 118     0     1:*         :*
>120     0     1:*         :*
   696332 residues in 28274 sequences
Statistics: MLE_cen statistics: Lambda= 0.4311;  K=0.2008 (cen=999)
 statistics sampled from 28274 (28274) to 28274 sequences
 Kolmogorov-Smirnov  statistic: 0.0348 (N=29) at  36
Algorithm: Smith-Waterman (SSE2, Michael Farrar 2006) (7.1 Aug 2009)
Parameters: BL80 matrix (11:-6), open/ext: -10/-2
 Scan time:  0.040
!! No sequences with E() < 0.1
 40>>>lcl|ORF7934_ZT-469_1:82690:82649_unnamed_prote - 13 aa
Library: ./database/DRAMP.fa
   696332 residues in 28274 sequences

       opt      E()
< 20    17     0:=
  22     5     0:=          one = represents 48 library sequences
  24    20     0:=
  26    57     1:*=
  28    68     6:*=
  30   156    39:*===
  32   290   151:===*===
  34   498   408:========*==
  36  1082   839:=================*=====
  38  1630  1386:============================*=====
  40  1376  1934:=============================           *
  42  2288  2364:================================================ *
  44  1751  2608:=====================================                 *
  46  1990  2656:==========================================             *
  48  2863  2543:====================================================*=======
  50  2141  2320:=============================================   *
  52  2637  2040:==========================================*============
  54  2736  1742:====================================*====================
  56  1490  1455:==============================*=
  58   949  1195:====================    *
  60  1055   968:====================*=
  62   638   776:==============  *
  64   477   617:==========  *
  66   509   488:==========*
  68   333   384:=======*
  70   270   301:======*
  72   274   235:====*=
  74   197   183:===*=
  76   115   143:==*
  78    78   111:==*
  80    62    86:=*
  82    71    66:=*
  84    38    52:=*
  86    28    40:*
  88    19    31:*          inset = represents 1 library sequences
  90    13    24:*
  92    15    19:*         :===============   *
  94     6    14:*         :======       *
  96    10    11:*         :==========*
  98     5     9:*         :=====   *
 100     3     7:*         :===   *
 102     3     5:*         :=== *
 104     3     4:*         :===*
 106     0     3:*         :  *
 108     3     2:*         :=*=
 110     1     2:*         :=*
 112     2     1:*         :*=
 114     1     1:*         :*
 116     1     1:*         :*
 118     0     1:*         :*
>120     0     1:*         :*
   696332 residues in 28274 sequences
Statistics: MLE_cen statistics: Lambda= 0.3762;  K=0.2492 (cen=999)
 statistics sampled from 28274 (28274) to 28274 sequences
 Kolmogorov-Smirnov  statistic: 0.0418 (N=29) at  46
Algorithm: Smith-Waterman (SSE2, Michael Farrar 2006) (7.1 Aug 2009)
Parameters: BL80 matrix (11:-6), open/ext: -10/-2
 Scan time:  0.040
!! No sequences with E() < 0.1
 41>>>lcl|ORF8224_ZT-469_1:53359:53327_unnamed_prote - 10 aa
Library: ./database/DRAMP.fa
   696332 residues in 28274 sequences

       opt      E()
< 20    13     0:=
  22     5     0:=          one = represents 41 library sequences
  24    18     0:=
  26    15     1:*
  28    50     6:*=
  30   172    39:*====
  32   385   151:===*======
  34   592   408:=========*=====
  36  1021   839:====================*====
  38  1556  1386:=================================*====
  40  1790  1934:============================================   *
  42  2133  2364:=====================================================    *
  44  2065  2608:===================================================        *
  46  1746  2656:===========================================                *
  48  2414  2543:===========================================================*
  50  1904  2320:===============================================         *
  52  1594  2040:=======================================          *
  54  2299  1742:==========================================*==============
  56  1780  1455:===================================*========
  58  1080  1195:===========================  *
  60  1463   968:=======================*============
  62   936   776:==================*====
  64  1030   617:===============*==========
  66   646   488:===========*====
  68   335   384:=========*
  70   225   301:====== *
  72   256   235:=====*=
  74   187   183:====*
  76   146   143:===*
  78   125   111:==*=
  80    83    86:==*
  82    35    66:=*
  84    29    52:=*
  86    32    40:*
  88    16    31:*          inset = represents 1 library sequences
  90    65    24:*=
  92     8    19:*         :========          *
  94     7    14:*         :=======      *
  96     3    11:*         :===       *
  98     6     9:*         :======  *
 100     6     7:*         :======*
 102     2     5:*         :==  *
 104     0     4:*         :   *
 106     1     3:*         := *
 108     0     2:*         : *
 110     0     2:*         : *
 112     0     1:*         :*
 114     0     1:*         :*
 116     0     1:*         :*
 118     0     1:*         :*
>120     0     1:*         :*
   696332 residues in 28274 sequences
Statistics: MLE_cen statistics: Lambda= 0.3741;  K=0.1491 (cen=999)
 statistics sampled from 28274 (28274) to 28274 sequences
 Kolmogorov-Smirnov  statistic: 0.0649 (N=29) at  52
Algorithm: Smith-Waterman (SSE2, Michael Farrar 2006) (7.1 Aug 2009)
Parameters: BL80 matrix (11:-6), open/ext: -10/-2
 Scan time:  0.040
!! No sequences with E() < 0.1
 42>>>lcl|ORF8413_ZT-469_1:32272:32228_unnamed_prote - 14 aa
Library: ./database/DRAMP.fa
   696332 residues in 28274 sequences

       opt      E()
< 20    13     0:=
  22     7     0:=          one = represents 56 library sequences
  24    21     0:=
  26    39     1:*
  28    70     6:*=
  30    84    39:*=
  32   138   151:==*
  34   558   408:=======*==
  36   831   839:==============*
  38  1285  1386:======================= *
  40  3037  1934:==================================*====================
  42  1834  2364:=================================         *
  44  3313  2608:==============================================*=============
  46  1972  2656:====================================           *
  48  2485  2543:=============================================*
  50  1944  2320:===================================      *
  52  1764  2040:================================    *
  54  1669  1742:============================== *
  56   983  1455:==================       *
  58  1403  1195:=====================*====
  60   899   968:=================*
  62  1095   776:=============*======
  64   629   617:===========*
  66   575   488:========*==
  68   371   384:======*
  70   277   301:=====*
  72   246   235:====*
  74   176   183:===*
  76   168   143:==*
  78    94   111:=*
  80    70    86:=*
  82    53    66:=*
  84    24    52:*
  86    49    40:*
  88    13    31:*          inset = represents 1 library sequences
  90    25    24:*
  92    14    19:*         :==============    *
  94    12    14:*         :============ *
  96    10    11:*         :==========*
  98     5     9:*         :=====   *
 100     8     7:*         :======*=
 102     2     5:*         :==  *
 104     4     4:*         :===*
 106     1     3:*         := *
 108     2     2:*         :=*
 110     1     2:*         :=*
 112     0     1:*         :*
 114     1     1:*         :*
 116     0     1:*         :*
 118     0     1:*         :*
>120     0     1:*         :*
   696332 residues in 28274 sequences
Statistics: MLE_cen statistics: Lambda= 0.4453;  K=0.2167 (cen=999)
 statistics sampled from 28274 (28274) to 28274 sequences
 Kolmogorov-Smirnov  statistic: 0.0524 (N=29) at  44
Algorithm: Smith-Waterman (SSE2, Michael Farrar 2006) (7.1 Aug 2009)
Parameters: BL80 matrix (11:-6), open/ext: -10/-2
 Scan time:  0.040
!! No sequences with E() < 0.1
 43>>>lcl|ORF8484_ZT-469_1:25522:25469_unnamed_prote - 17 aa
Library: ./database/DRAMP.fa
   696332 residues in 28274 sequences

       opt      E()
< 20    28     0:=
  22     8     0:=          one = represents 46 library sequences
  24    15     0:=
  26    30     1:*
  28    38     6:*
  30   138    39:*==
  32   193   151:===*=
  34   593   408:========*====
  36   714   839:================  *
  38  2288  1386:==============================*===================
  40  1534  1934:==================================        *
  42  1998  2364:============================================       *
  44  2703  2608:========================================================*==
  46  1751  2656:=======================================                  *
  48  2587  2543:=======================================================*=
  50  2316  2320:==================================================*
  52  1956  2040:=========================================== *
  54  1843  1742:=====================================*===
  56  1123  1455:=========================      *
  58  1867  1195:=========================*===============
  60   996   968:=====================*
  62   693   776:================*
  64   751   617:=============*===
  66   451   488:==========*
  68   369   384:========*
  70   315   301:======*
  72   225   235:=====*
  74   213   183:===*=
  76    93   143:===*
  78   108   111:==*
  80    80    86:=*
  82    34    66:=*
  84    60    52:=*
  86    27    40:*
  88    29    31:*          inset = represents 1 library sequences
  90    34    24:*
  92    27    19:*         :==================*========
  94    11    14:*         :===========  *
  96     9    11:*         :========= *
  98     2     9:*         :==      *
 100     1     7:*         :=     *
 102     5     5:*         :====*
 104    10     4:*         :===*======
 106     2     3:*         :==*
 108     4     2:*         :=*==
 110     1     2:*         :=*
 112     0     1:*         :*
 114     1     1:*         :*
 116     0     1:*         :*
 118     0     1:*         :*
>120     0     1:*         :*
   696332 residues in 28274 sequences
Statistics: MLE_cen statistics: Lambda= 0.4155;  K= 0.201 (cen=999)
 statistics sampled from 28274 (28274) to 28274 sequences
 Kolmogorov-Smirnov  statistic: 0.0420 (N=29) at  38
Algorithm: Smith-Waterman (SSE2, Michael Farrar 2006) (7.1 Aug 2009)
Parameters: BL80 matrix (11:-6), open/ext: -10/-2
 Scan time:  0.040
!! No sequences with E() < 0.1
 44>>>lcl|ORF8586_ZT-469_1:13795:13745_unnamed_prote - 16 aa
Library: ./database/DRAMP.fa
   696332 residues in 28274 sequences

       opt      E()
< 20     9     0:=
  22     3     0:=          one = represents 46 library sequences
  24    12     0:=
  26    10     1:*
  28    31     6:*
  30    99    39:*==
  32   229   151:===*=
  34   563   408:========*====
  36  1068   839:==================*=====
  38  1304  1386:============================= *
  40  2064  1934:==========================================*==
  42  2113  2364:==============================================     *
  44  2519  2608:======================================================= *
  46  2426  2656:=====================================================    *
  48  2736  2543:=======================================================*====
  50  2511  2320:==================================================*====
  52  1865  2040:=========================================   *
  54  2070  1742:=====================================*=======
  56  1431  1455:===============================*
  58   976  1195:======================   *
  60   954   968:=====================*
  62   846   776:================*==
  64   681   617:=============*=
  66   369   488:========= *
  68   370   384:========*
  70   258   301:======*
  72   131   235:===  *
  74   160   183:===*
  76   135   143:===*
  78    67   111:==*
  80    61    86:=*
  82    46    66:=*
  84    40    52:=*
  86    30    40:*
  88    35    31:*          inset = represents 1 library sequences
  90    12    24:*
  92    10    19:*         :==========        *
  94     6    14:*         :======       *
  96     6    11:*         :======    *
  98     1     9:*         :=       *
 100     8     7:*         :======*=
 102     2     5:*         :==  *
 104     4     4:*         :===*
 106     1     3:*         := *
 108     1     2:*         :=*
 110     0     2:*         : *
 112     0     1:*         :*
 114     1     1:*         :*
 116     0     1:*         :*
 118     0     1:*         :*
>120     0     1:*         :*
   696332 residues in 28274 sequences
Statistics: MLE_cen statistics: Lambda= 0.3693;  K= 0.192 (cen=999)
 statistics sampled from 28274 (28274) to 28274 sequences
 Kolmogorov-Smirnov  statistic: 0.0219 (N=29) at  40
Algorithm: Smith-Waterman (SSE2, Michael Farrar 2006) (7.1 Aug 2009)
Parameters: BL80 matrix (11:-6), open/ext: -10/-2
 Scan time:  0.040
!! No sequences with E() < 0.1
 45>>>lcl|ORF8616_ZT-469_1:10363:10328_unnamed_prote - 11 aa
Library: ./database/DRAMP.fa
   696332 residues in 28274 sequences

       opt      E()
< 20    32     0:=
  22    30     0:=          one = represents 47 library sequences
  24    23     0:=
  26    38     1:*
  28    98     6:*==
  30   159    39:*===
  32   269   151:===*==
  34   651   408:========*=====
  36   623   839:==============   *
  38  1552  1386:=============================*====
  40  1689  1934:====================================     *
  42  2183  2364:===============================================   *
  44  2390  2607:===================================================    *
  46  2216  2656:================================================        *
  48  2441  2543:====================================================  *
  50  1923  2320:=========================================        *
  52  2788  2040:===========================================*================
  54  1413  1742:===============================      *
  56  2263  1455:==============================*==================
  58  1022  1195:======================   *
  60  1278   968:====================*=======
  62   695   776:=============== *
  64   792   617:=============*===
  66   324   488:=======   *
  68   310   384:======= *
  70   153   301:====  *
  72   256   235:====*=
  74   132   183:===*
  76   114   143:===*
  78    91   111:==*
  80    61    86:=*
  82    69    66:=*
  84    34    52:=*
  86    33    40:*
  88    19    31:*          inset = represents 1 library sequences
  90    50    24:*=
  92     5    19:*         :=====             *
  94    24    14:*         :=============*==========
  96     4    11:*         :====      *
  98     8     9:*         :========*
 100     5     7:*         :===== *
 102     4     5:*         :====*
 104     2     4:*         :== *
 106     7     3:*         :==*====
 108     0     2:*         : *
 110     0     2:*         : *
 112     0     1:*         :*
 114     0     1:*         :*
 116     0     1:*         :*
 118     0     1:*         :*
>120     1     1:*         :*
   696332 residues in 28274 sequences
Statistics: MLE_cen statistics: Lambda= 0.4824;  K=0.3362 (cen=999)
 statistics sampled from 28273 (28274) to 28273 sequences
 Kolmogorov-Smirnov  statistic: 0.0343 (N=29) at  50
Algorithm: Smith-Waterman (SSE2, Michael Farrar 2006) (7.1 Aug 2009)
Parameters: BL80 matrix (11:-6), open/ext: -10/-2
 Scan time:  0.040
!! No sequences with E() < 0.1
 46>>>lcl|ORF8685_ZT-469_1:4012:3974_unnamed_prote - 12 aa
Library: ./database/DRAMP.fa
   696332 residues in 28274 sequences

       opt      E()
< 20    20     0:=
  22     5     0:=          one = represents 48 library sequences
  24    22     0:=
  26    30     1:*
  28    82     6:*=
  30   135    39:*==
  32   305   151:===*===
  34   628   408:========*=====
  36  1191   839:=================*=======
  38  1282  1386:=========================== *
  40  2001  1934:========================================*=
  42  2486  2364:=================================================*==
  44  1722  2608:====================================                  *
  46  2148  2656:=============================================          *
  48  2827  2543:====================================================*======
  50  1305  2320:============================                    *
  52  1765  2040:=====================================     *
  54  2059  1742:====================================*======
  56  1147  1455:========================      *
  58  1419  1195:========================*=====
  60  1177   968:====================*====
  62   614   776:=============   *
  64   867   617:============*======
  66   772   488:==========*======
  68   340   384:=======*
  70   667   301:======*=======
  72   346   235:====*===
  74   269   183:===*==
  76   137   143:==*
  78   111   111:==*
  80    65    86:=*
  82   130    66:=*=
  84    57    52:=*
  86    23    40:*
  88    32    31:*          inset = represents 1 library sequences
  90    19    24:*
  92    17    19:*         :================= *
  94    13    14:*         :=============*
  96     7    11:*         :=======   *
  98     8     9:*         :========*
 100     0     7:*         :      *
 102     0     5:*         :    *
 104     0     4:*         :   *
 106    12     3:*         :==*=========
 108    10     2:*         :=*========
 110     0     2:*         : *
 112     0     1:*         :*
 114     0     1:*         :*
 116     0     1:*         :*
 118     2     1:*         :*=
>120     0     1:*         :*
   696332 residues in 28274 sequences
Statistics: MLE_cen statistics: Lambda= 0.3850;  K=0.1876 (cen=999)
 statistics sampled from 28274 (28274) to 28274 sequences
 Kolmogorov-Smirnov  statistic: 0.0481 (N=29) at  52
Algorithm: Smith-Waterman (SSE2, Michael Farrar 2006) (7.1 Aug 2009)
Parameters: BL80 matrix (11:-6), open/ext: -10/-2
 Scan time:  0.040
!! No sequences with E() < 0.1
 47>>>lcl|ORF487_ZT-468_1:69381:69455_unnamed_prote - 24 aa
Library: ./database/DRAMP.fa
   696332 residues in 28274 sequences

       opt      E()
< 20  4700     0:============================================================
  22     2     0:=          one = represents 79 library sequences
  24     6     0:=
  26    11     1:*
  28    33     6:*
  30    86    39:*=
  32   234   151:=*=
  34   325   408:=====*
  36   708   839:========= *
  38   909  1386:============     *
  40  1506  1934:====================    *
  42  1999  2364:==========================   *
  44  2514  2607:================================*
  46  2001  2656:==========================       *
  48  2069  2543:===========================     *
  50  1938  2320:=========================    *
  52  1755  2040:=======================  *
  54  1174  1742:===============       *
  56  1376  1455:==================*
  58  1018  1195:=============  *
  60   824   968:=========== *
  62   570   776:======== *
  64   486   617:=======*
  66   578   488:======*=
  68   384   384:====*
  70   237   301:===*
  72   176   235:==*
  74   164   183:==*
  76   103   143:=*
  78    82   111:=*
  80    71    86:=*
  82    63    66:*
  84    63    52:*
  86    31    40:*
  88    19    31:*          inset = represents 1 library sequences
  90    29    24:*
  92    11    19:*         :===========       *
  94     2    14:*         :==           *
  96     2    11:*         :==        *
  98     6     9:*         :======  *
 100     5     7:*         :===== *
 102     1     5:*         :=   *
 104     1     4:*         :=  *
 106     0     3:*         :  *
 108     1     2:*         :=*
 110     0     2:*         : *
 112     0     1:*         :*
 114     0     1:*         :*
 116     0     1:*         :*
 118     0     1:*         :*
>120     1     1:*         :*
   696332 residues in 28274 sequences
Statistics:  Expectation_n fit: rho(ln(x))= 3.7801+/-0.000368; mu= 1.5409+/- 0.012
 mean_var=14.1677+/- 4.890, 0's: 4698 Z-trim: 4699  B-trim: 0 in 0/24
 Lambda= 0.340741
 statistics sampled from 28273 (28274) to 28273 sequences
 Kolmogorov-Smirnov  statistic: 0.1973 (N=29) at  88
Algorithm: Smith-Waterman (SSE2, Michael Farrar 2006) (7.1 Aug 2009)
Parameters: BL80 matrix (11:-6), open/ext: -10/-2
 Scan time:  0.030
!! No sequences with E() < 0.1
 48>>>lcl|ORF562_ZT-468_1:77850:77903_unnamed_prote - 17 aa
Library: ./database/DRAMP.fa
   696332 residues in 28274 sequences

       opt      E()
< 20    17     0:=
  22     5     0:=          one = represents 48 library sequences
  24    10     0:=
  26    20     1:*
  28    54     6:*=
  30   111    39:*==
  32   206   151:===*=
  34   643   408:========*=====
  36   999   839:=================*===
  38  1630  1386:============================*=====
  40  1519  1934:================================        *
  42  2540  2364:=================================================*===
  44  2833  2608:======================================================*=====
  46  1605  2656:==================================                     *
  48  2842  2543:====================================================*=======
  50  2324  2320:================================================*
  52  1883  2040:========================================  *
  54  1944  1742:====================================*====
  56  1177  1455:=========================     *
  58   978  1195:=====================   *
  60  1119   968:====================*===
  62   695   776:=============== *
  64   640   617:============*=
  66   518   488:==========*
  68   329   384:=======*
  70   370   301:======*=
  72   279   235:====*=
  74   270   183:===*==
  76   140   143:==*
  78   142   111:==*
  80   152    86:=*==
  82    53    66:=*
  84    62    52:=*
  86    46    40:*
  88    22    31:*          inset = represents 1 library sequences
  90    25    24:*
  92    14    19:*         :==============    *
  94    17    14:*         :=============*===
  96    17    11:*         :==========*======
  98     8     9:*         :========*
 100     5     7:*         :===== *
 102     2     5:*         :==  *
 104     2     4:*         :== *
 106     3     3:*         :==*
 108     2     2:*         :=*
 110     1     2:*         :=*
 112     0     1:*         :*
 114     0     1:*         :*
 116     0     1:*         :*
 118     1     1:*         :*
>120     0     1:*         :*
   696332 residues in 28274 sequences
Statistics: MLE_cen statistics: Lambda= 0.4001;  K=0.1162 (cen=999)
 statistics sampled from 28274 (28274) to 28274 sequences
 Kolmogorov-Smirnov  statistic: 0.0300 (N=29) at  38
Algorithm: Smith-Waterman (SSE2, Michael Farrar 2006) (7.1 Aug 2009)
Parameters: BL80 matrix (11:-6), open/ext: -10/-2
 Scan time:  0.050
!! No sequences with E() < 0.1
 49>>>lcl|ORF596_ZT-468_1:81417:81452_unnamed_prote - 11 aa
Library: ./database/DRAMP.fa
   696332 residues in 28274 sequences

       opt      E()
< 20    11     0:=
  22     4     0:=          one = represents 55 library sequences
  24    16     0:=
  26    53     1:*
  28    67     6:*=
  30   133    39:*==
  32   301   151:==*===
  34   480   408:=======*=
  36   805   839:===============*
  38  1178  1386:======================   *
  40  1977  1934:===================================*
  42  2519  2364:==========================================*===
  44  2363  2608:===========================================    *
  46  3254  2656:================================================*===========
  48  2373  2543:============================================  *
  50  1440  2320:===========================               *
  52  1509  2040:============================         *
  54  2082  1742:===============================*======
  56  1101  1455:=====================     *
  58  1143  1195:=====================*
  60  1511   968:=================*==========
  62   790   776:==============*
  64   687   617:===========*=
  66   646   488:========*===
  68   357   384:======*
  70   223   301:=====*
  72   614   235:====*=======
  74   156   183:===*
  76    80   143:==*
  78   108   111:==*
  80    72    86:=*
  82    50    66:=*
  84    47    52:*
  86    26    40:*
  88    13    31:*          inset = represents 1 library sequences
  90    35    24:*
  92    15    19:*         :===============   *
  94     5    14:*         :=====        *
  96     4    11:*         :====      *
  98     7     9:*         :======= *
 100     1     7:*         :=     *
 102     7     5:*         :====*==
 104     5     4:*         :===*=
 106     2     3:*         :==*
 108     1     2:*         :=*
 110     2     2:*         :=*
 112     1     1:*         :*
 114     0     1:*         :*
 116     0     1:*         :*
 118     0     1:*         :*
>120     0     1:*         :*
   696332 residues in 28274 sequences
Statistics: MLE_cen statistics: Lambda= 0.3782;  K=0.1338 (cen=999)
 statistics sampled from 28274 (28274) to 28274 sequences
 Kolmogorov-Smirnov  statistic: 0.0315 (N=29) at  58
Algorithm: Smith-Waterman (SSE2, Michael Farrar 2006) (7.1 Aug 2009)
Parameters: BL80 matrix (11:-6), open/ext: -10/-2
 Scan time:  0.040
!! No sequences with E() < 0.1
 50>>>lcl|ORF631_ZT-466_1:69165:69221_unnamed_prote - 18 aa
Library: ./database/DRAMP.fa
   696332 residues in 28274 sequences

       opt      E()
< 20     4     0:=
  22     4     0:=          one = represents 45 library sequences
  24     5     0:=
  26    11     1:*
  28    29     6:*
  30    70    39:*=
  32   491   151:===*=======
  34   629   408:=========*====
  36   926   839:==================*==
  38  1550  1386:==============================*====
  40  1930  1934:==========================================*
  42  2122  2364:================================================    *
  44  2240  2607:==================================================       *
  46  2691  2656:===========================================================*
  48  2295  2543:===================================================     *
  50  1832  2320:=========================================          *
  52  1539  2040:===================================          *
  54  1445  1742:=================================     *
  56  1406  1455:================================*
  58  1115  1195:========================= *
  60  1070   968:=====================*==
  62   968   776:=================*====
  64   823   617:=============*=====
  66   674   488:==========*====
  68   823   384:========*==========
  70   260   301:======*
  72   331   235:=====*==
  74   186   183:====*
  76   173   143:===*
  78   115   111:==*
  80    87    86:=*
  82    71    66:=*
  84    81    52:=*
  86    71    40:*=
  88   115    31:*==        inset = represents 1 library sequences
  90    37    24:*
  92    18    19:*         :==================*
  94    10    14:*         :==========   *
  96     4    11:*         :====      *
  98     2     9:*         :==      *
 100     5     7:*         :===== *
 102     2     5:*         :==  *
 104     2     4:*         :== *
 106     6     3:*         :==*===
 108     2     2:*         :=*
 110     1     2:*         :=*
 112     0     1:*         :*
 114     1     1:*         :*
 116     0     1:*         :*
 118     0     1:*         :*
>120     2     1:*         :*=
   696332 residues in 28274 sequences
Statistics: MLE_cen statistics: Lambda= 0.3256;  K=0.1007 (cen=999)
 statistics sampled from 28272 (28274) to 28272 sequences
 Kolmogorov-Smirnov  statistic: 0.0479 (N=29) at  58
Algorithm: Smith-Waterman (SSE2, Michael Farrar 2006) (7.1 Aug 2009)
Parameters: BL80 matrix (11:-6), open/ext: -10/-2
 Scan time:  0.040
!! No sequences with E() < 0.1


709 residues in 50 query   sequences
696332 residues in 28274 library sequences
 Scomplib [36.05]
 start: Thu Aug 21 14:48:55 2025 done: Thu Aug 21 14:48:58 2025
 Total Scan time:  2.010 Total Display time:  0.070

Function used was SSEARCH [version 36.05 March, 2010]
